wavelength_um,mirror_reflectance,sol_best_emitter_emissivity,planck_1300K_w_m2_um
0.5,0.99997152,0.53111565,2.9181417
0.511,0.99998943,0.63890813,4.2149068
0.522,0.99986127,0.9400845,5.9807353
0.533,0.99995188,0.6081774,8.3464963
0.544,0.99998142,0.49467753,11.46816
0.555,0.87279542,0.71438452,15.528986
0.566,0.99999769,0.97774397,20.741439
0.577,0.99999616,0.56597694,27.348751
0.588,0.99974476,0.36591719,35.626089
0.599,0.9999968,0.36295396,45.881253
0.61,0.99999862,0.51205504,58.454889
0.621,0.99999967,0.76456887,73.720179
0.632,0.99999107,0.73233785,92.082003
0.643,0.99999906,0.55829979,113.97558
0.654,0.99992531,0.50686265,139.86459
0.665,0.99996674,0.58382579,170.23884
0.676,0.99997799,0.76389176,205.61147
0.687,0.99965902,0.86843744,246.51576
0.698,0.99995606,0.74284766,293.50161
0.709,0.99931756,0.59464045,347.13177
0.72,0.99987377,0.53639231,407.97778
0.731,0.99996277,0.56712636,476.61581
0.742,0.99998412,0.6748152,553.6224
0.753,0.98865313,0.8001643,639.57016
0.764,0.99999445,0.79836074,735.02353
0.775,0.99993121,0.65733448,840.53457
0.786,0.99999545,0.51767044,956.63893
0.797,0.99285573,0.43686686,1083.852
0.808,0.99990367,0.41098226,1222.6652
0.819,0.99996382,0.43311974,1373.5428
0.83,0.99999717,0.50634687,1536.9186
0.841,0.99999381,0.63924628,1713.1931
0.852,0.9999309,0.81876563,1902.7312
0.863,0.9999945,0.95502429,2105.8602
0.874,0.99989777,0.93334742,2322.8675
0.885,0.99999366,0.79681881,2553.9995
0.896,0.99987799,0.66052381,2799.4605
0.907,0.99994093,0.57024651,3059.4117
0.918,0.99996586,0.52663471,3333.9708
0.929,0.99964584,0.52288637,3623.2119
0.94,0.99988375,0.55570895,3927.1655
0.951,0.99966174,0.62533168,4245.8189
0.962,0.99977125,0.7302864,4579.117
0.973,0.99977828,0.8550645,4926.9629
0.984,0.76852394,0.95573017,5289.2193
0.995,0.99985536,0.97585234,5665.7094
1.006,0.99992453,0.90450013,6056.2187
1.017,0.99885383,0.78830749,6460.4966
1.028,0.99665851,0.67611527,6878.2576
1.039,0.99980416,0.58939782,7309.1838
1.05,0.99971621,0.53100688,7752.9266
1.061,0.99098761,0.49769998,8209.1085
1.072,0.99901231,0.48596848,8677.3252
1.083,0.99983855,0.49371963,9157.1479
1.094,0.99980156,0.52040748,9648.1252
1.105,0.99432513,0.56656182,10149.785
1.116,0.99803498,0.63269756,10661.638
1.127,0.99988646,0.71708097,11183.177
1.138,0.99992482,0.81194357,11713.882
1.149,0.99961793,0.8996679,12253.22
1.16,0.99936365,0.95471662,12800.648
1.171,0.99797127,0.95682652,13355.615
1.182,0.99883101,0.90646667,13917.563
1.193,0.99905386,0.82372808,14485.929
1.204,0.99980755,0.73249831,15060.148
1.215,0.99993313,0.64873707,15639.654
1.226,0.99986729,0.57927248,16223.88
1.237,0.99882752,0.52528373,16812.26
1.248,0.99978448,0.48552969,17404.234
1.259,0.99952163,0.45815893,17999.243
1.27,0.47126415,0.44148832,18596.737
1.281,0.98961637,0.43425837,19196.168
1.292,0.99973437,0.43567007,19797.002
1.303,0.9999025,0.4453438,20398.708
1.314,0.99968817,0.46325209,21000.768
1.325,0.99985469,0.48963375,21602.674
1.336,0.99997552,0.52487212,22203.928
1.347,0.99997864,0.56930297,22804.044
1.358,0.99990019,0.62290627,23402.551
1.369,0.99985679,0.68484338,23998.988
1.38,0.99997433,0.75285775,24592.908
1.391,0.99996682,0.82270193,25183.88
1.402,0.99883415,0.88797821,25771.484
1.413,0.99995745,0.94091467,26355.317
1.424,0.99998379,0.97429844,26934.989
1.435,0.99997684,0.98391923,27510.126
1.446,0.9997441,0.97011073,28080.368
1.457,0.99989608,0.93736149,28645.371
1.468,0.99996897,0.89236543,29204.806
1.479,0.99995048,0.84183759,29758.358
1.49,0.99573192,0.79112896,30305.727
1.501,0.99993698,0.74381982,30846.631
1.512,0.99997565,0.70193902,31380.798
1.523,0.99996846,0.66640643,31907.974
1.534,0.99980242,0.6374569,32427.919
1.545,0.99970222,0.61495859,32940.407
1.556,0.99995018,0.59862136,33445.226
1.567,0.99994882,0.58812074,33942.177
1.578,0.99968908,0.5831648,34431.077
1.589,0.99975393,0.58352528,34911.754
1.6,0.99996182,0.58904641,35384.05
1.611,0.99997253,0.59963915,35847.819
1.622,0.99994705,0.61526382,36302.93
1.633,0.99857751,0.63590081,36749.261
1.644,0.99988126,0.66150709,37186.704
1.655,0.99996286,0.69195442,37615.16
1.666,0.99995932,0.72694526,38034.545
1.677,0.99979088,0.76590476,38444.781
1.688,0.99977498,0.80785401,38845.805
1.699,0.99997457,0.85128269,39237.562
1.71,0.99998663,0.89405925,39620.005
1.721,0.99998514,0.93343747,39993.1
1.732,0.99995802,0.96622758,40356.821
1.743,0.99187339,0.98917377,40711.148
1.754,0.99996984,0.99950572,41056.073
1.765,0.99998898,0.99552612,41391.595
1.776,0.99999041,0.97702422,41717.719
1.787,0.99998105,0.94533869,42034.459
1.798,0.99933653,0.90303722,42341.836
1.809,0.99997592,0.85334786,42639.878
1.82,0.99999463,0.79955836,42928.619
1.831,0.99999701,0.74456005,43208.099
1.842,0.99999718,0.69060711,43478.363
1.853,0.9999953,0.63926777,43739.464
1.864,0.99997326,0.59149929,43991.458
1.875,0.99996103,0.54777786,44234.407
1.886,0.99999639,0.50823538,44468.377
1.897,0.99999853,0.47277783,44693.44
1.908,0.99999898,0.44117652,44909.67
1.919,0.99999893,0.41313313,45117.147
1.93,0.99999824,0.38832307,45315.952
1.941,0.99999283,0.36642257,45506.173
1.952,0.99992384,0.34712443,45687.899
1.963,0.99999742,0.33014626,45861.221
1.974,0.99999911,0.31523383,46026.236
1.985,0.99999945,0.30216151,46183.04
1.996,0.9999995,0.29073106,46331.733
2.007,0.99999933,0.2807696,46472.419
2.018,0.99999845,0.27212716,46605.201
2.029,0.9999725,0.26467418,46730.185
2.04,0.99999658,0.25829919,46847.479
2.051,0.99999939,0.25290654,46957.191
2.062,0.99999973,0.24841451,47059.432
2.073,0.99999983,0.24475355,47154.314
2.084,0.99999985,0.24186478,47241.95
2.095,0.99999984,0.23969867,47322.452
2.106,0.99999975,0.23821399,47395.934
2.117,0.99999938,0.23737679,47462.512
2.128,0.99998866,0.23715963,47522.3
2.139,0.99999851,0.23754089,47575.414
2.15,0.99999974,0.23850419,47621.97
2.161,0.99999989,0.24003789,47662.083
2.172,0.99999993,0.24213471,47695.87
2.183,0.99999995,0.2447913,47723.447
2.194,0.99999995,0.24800805,47744.928
2.205,0.99999995,0.25178871,47760.43
2.216,0.99999993,0.25614027,47770.067
2.227,0.99999987,0.26107267,47773.955
2.238,0.99999959,0.26659864,47772.207
2.249,0.99994578,0.27273353,47764.938
2.26,0.9999995,0.27949508,47752.259
2.271,0.99999988,0.2869032,47734.285
2.282,0.99999995,0.29497978,47711.125
2.293,0.99999997,0.30374835,47682.892
2.304,0.99999997,0.3132338,47649.694
2.315,0.99999998,0.32346195,47611.642
2.326,0.99999998,0.33445906,47568.844
2.337,0.99999998,0.34625129,47521.406
2.348,0.99999997,0.35886395,47469.434
2.359,0.99999995,0.3723207,47413.035
2.37,0.99999989,0.38664254,47352.311
2.381,0.99999956,0.40184667,47287.367
2.392,0.99996991,0.41794514,47218.303
2.403,0.9999997,0.43494331,47145.22
2.414,0.99999991,0.45283815,47068.219
2.425,0.99999996,0.47161639,46987.396
2.436,0.99999997,0.49125243,46902.849
2.447,0.99999998,0.51170629,46814.674
2.458,0.99999998,0.53292143,46722.965
2.469,0.99999998,0.55482279,46627.815
2.48,0.99999998,0.5773149,46529.317
2.491,0.99999998,0.60028051,46427.561
2.502,0.99999998,0.6235797,46322.636
2.513,0.99999997,0.64704977,46214.63
2.524,0.99999995,0.67050614,46103.63
2.535,0.99999991,0.69374425,45989.722
2.546,0.99999976,0.71654285,45872.989
2.557,0.99999837,0.73866847,45753.514
2.568,0.99999401,0.75988112,45631.379
2.579,0.99999954,0.77994116,45506.664
2.59,0.99999983,0.79861678,45379.447
2.601,0.9999999,0.81569188,45249.806
2.612,0.99999993,0.83097384,45117.817
2.623,0.99999994,0.84430057,44983.555
2.634,0.99999995,0.85554632,44847.094
2.645,0.99999995,0.86462599,44708.505
2.656,0.99999995,0.8714974,44567.86
2.667,0.99999994,0.87616161,44425.229
2.678,0.99999993,0.87866118,44280.679
2.689,0.99999991,0.87907666,44134.278
2.7,0.99999988,0.87752171,43986.092
2.711,0.99999983,0.8741371,43836.186
2.722,0.99999975,0.86908428,43684.622
2.733,0.99999962,0.86253881,43531.464
2.744,0.99999941,0.85468406,43376.772
2.755,0.99999903,0.8457055,43220.606
2.766,0.99999816,0.83578578,43063.024
2.777,0.99999482,0.82510073,42904.085
2.788,0.99990714,0.81381623,42743.844
2.799,0.99998877,0.80208601,42582.357
2.81,0.99999825,0.79005022,42419.677
2.821,0.99999939,0.77783476,42255.857
2.832,0.99999971,0.7655511,42090.95
2.843,0.99999983,0.7532966,41925.006
2.854,0.99999989,0.74115517,41758.075
2.865,0.99999993,0.72919811,41590.205
2.876,0.99999995,0.71748516,41421.443
2.887,0.99999996,0.7060656,41251.837
2.898,0.99999997,0.69497933,41081.431
2.909,0.99999997,0.68425799,40910.271
2.92,0.99999997,0.67392599,40738.399
2.931,0.99999998,0.66400151,40565.858
2.942,0.99999998,0.65449739,40392.69
2.953,0.99999998,0.6454219,40218.936
2.964,0.99999998,0.63677952,40044.634
2.975,0.99999998,0.62857158,39869.824
2.986,0.99999998,0.62079678,39694.544
2.997,0.99999997,0.61345169,39518.83
3.008,0.99999997,0.60653123,39342.719
3.019,0.99999996,0.60002894,39166.246
3.03,0.99999996,0.59393738,38989.445
3.041,0.99999994,0.58824829,38812.35
3.052,0.99999992,0.58295292,38634.994
3.063,0.99999989,0.57804212,38457.408
3.074,0.99999984,0.57350652,38279.624
3.085,0.99999972,0.56933669,38101.671
3.096,0.99999944,0.56552318,37923.581
3.107,0.99999855,0.56205663,37745.381
3.118,0.99999253,0.55892784,37567.1
3.129,0.99977922,0.55612782,37388.764
3.14,0.99999396,0.5536478,37210.402
3.151,0.99999797,0.55147929,37032.038
3.162,0.99999886,0.54961407,36853.699
3.173,0.9999992,0.54804422,36675.408
3.184,0.99999937,0.54676212,36497.19
3.195,0.99999947,0.54576048,36319.068
3.206,0.99999954,0.54503226,36141.065
3.217,0.9999996,0.54457076,35963.204
3.228,0.99999966,0.54436953,35785.504
3.239,0.99999973,0.54442242,35607.988
3.25,0.99999979,0.54472353,35430.676
3.261,0.99999984,0.5452672,35253.588
3.272,0.99999988,0.54604801,35076.742
3.283,0.99999991,0.54706075,34900.157
3.294,0.99999993,0.54830041,34723.852
3.305,0.99999994,0.54976216,34547.844
3.316,0.99999995,0.55144134,34372.15
3.327,0.99999996,0.55333343,34196.786
3.338,0.99999997,0.55543403,34021.77
3.349,0.99999997,0.55773884,33847.115
3.36,0.99999997,0.56024367,33672.838
3.371,0.99999998,0.56294438,33498.953
3.382,0.99999998,0.5658369,33325.474
3.393,0.99999998,0.56891717,33152.415
3.404,0.99999998,0.57218115,32979.789
3.415,0.99999998,0.57562481,32807.61
3.426,0.99999998,0.57924406,32635.889
3.437,0.99999998,0.5830348,32464.638
3.448,0.99999998,0.58699286,32293.87
3.459,0.99999998,0.59111397,32123.595
3.47,0.99999998,0.59539379,31953.824
3.481,0.99999998,0.59982785,31784.568
3.492,0.99999998,0.60441154,31615.837
3.503,0.99999998,0.60914012,31447.641
3.514,0.99999998,0.61400866,31279.989
3.525,0.99999998,0.61901207,31112.89
3.536,0.99999997,0.62414505,30946.354
3.547,0.99999997,0.6294021,30780.387
3.558,0.99999996,0.63477747,30614.999
3.569,0.99999996,0.64026522,30450.197
3.58,0.99999995,0.64585911,30285.989
3.591,0.99999994,0.65155267,30122.382
3.602,0.99999993,0.65733917,29959.383
3.613,0.99999991,0.66321157,29796.998
3.624,0.99999989,0.6691626,29635.234
3.635,0.99999986,0.67518466,29474.097
3.646,0.99999984,0.68126989,29313.592
3.657,0.99999981,0.68741013,29153.726
3.668,0.9999998,0.69359694,28994.503
3.679,0.99999979,0.69982161,28835.928
3.69,0.9999998,0.70607512,28678.007
3.701,0.99999981,0.71234823,28520.743
3.712,0.99999983,0.71863142,28364.142
3.723,0.99999985,0.72491493,28208.207
3.734,0.99999986,0.73118878,28052.942
3.745,0.99999988,0.73744278,27898.351
3.756,0.99999989,0.74366657,27744.438
3.767,0.9999999,0.74984961,27591.205
3.778,0.9999999,0.75598126,27438.656
3.789,0.99999991,0.76205074,27286.793
3.8,0.99999991,0.76804722,27135.62
3.811,0.99999991,0.77395985,26985.138
3.822,0.99999991,0.77977774,26835.351
3.833,0.99999991,0.78549008,26686.26
3.844,0.99999991,0.7910861,26537.868
3.855,0.99999991,0.79655517,26390.175
3.866,0.9999999,0.80188682,26243.185
3.877,0.9999999,0.80707077,26096.897
3.888,0.99999989,0.812097,25951.315
3.899,0.99999988,0.81695577,25806.439
3.91,0.99999987,0.82163767,25662.269
3.921,0.99999986,0.82613368,25518.808
3.932,0.99999985,0.83043516,25376.055
3.943,0.99999983,0.83453396,25234.012
3.954,0.9999998,0.83842238,25092.679
3.965,0.99999977,0.84209329,24952.056
3.976,0.99999974,0.84554007,24812.144
3.987,0.99999969,0.84875672,24672.943
3.998,0.99999963,0.85173784,24534.453
4.009,0.99999956,0.85447864,24396.674
4.02,0.99999946,0.85697502,24259.606
4.031,0.99999933,0.85922353,24123.248
4.042,0.99999916,0.86122139,23987.6
4.053,0.99999895,0.8629665,23852.662
4.064,0.99999868,0.86445747,23718.433
4.075,0.99999836,0.86569356,23584.912
4.086,0.999998,0.86667474,23452.099
4.097,0.99999766,0.86740162,23319.993
4.108,0.99999739,0.86787549,23188.593
4.119,0.99999726,0.86809824,23057.898
4.13,0.99999727,0.86807241,22927.906
4.141,0.99999738,0.86780112,22798.618
4.152,0.99999756,0.86728804,22670.03
4.163,0.99999775,0.86653739,22542.143
4.174,0.99999792,0.8655539,22414.955
4.185,0.99999808,0.86434275,22288.463
4.196,0.9999982,0.86290956,22162.668
4.207,0.9999983,0.86126036,22037.567
4.218,0.99999837,0.85940153,21913.158
4.229,0.99999843,0.85733978,21789.44
4.24,0.99999846,0.8550821,21666.411
4.251,0.99999847,0.85263573,21544.07
4.262,0.99999847,0.85000812,21422.413
4.273,0.99999844,0.8472069,21301.44
4.284,0.99999841,0.84423984,21181.149
4.295,0.99999835,0.84111481,21061.537
4.306,0.99999827,0.83783974,20942.602
4.317,0.99999818,0.83442261,20824.343
4.328,0.99999805,0.8308714,20706.756
4.339,0.9999979,0.8271941,20589.84
4.35,0.99999772,0.82339861,20473.593
4.361,0.99999749,0.81949278,20358.012
4.372,0.99999722,0.81548437,20243.096
4.383,0.99999688,0.81138102,20128.84
4.394,0.99999647,0.80719023,20015.244
4.405,0.99999596,0.80291936,19902.305
4.416,0.99999533,0.79857559,19790.02
4.427,0.99999454,0.79416592,19678.386
4.438,0.99999355,0.78969718,19567.402
4.449,0.99999229,0.78517597,19457.065
4.46,0.99999069,0.7806087,19347.371
4.471,0.99998863,0.77600155,19238.32
4.482,0.99998597,0.77136048,19129.907
4.493,0.99998257,0.76669124,19022.13
4.504,0.99997826,0.76199932,18914.987
4.515,0.99997297,0.75729002,18808.474
4.526,0.99996679,0.75256837,18702.59
4.537,0.99996019,0.74783921,18597.331
4.548,0.99995406,0.74310711,18492.695
4.559,0.99994952,0.73837644,18388.679
4.57,0.9999474,0.73365134,18285.279
4.581,0.99994773,0.72893574,18182.494
4.592,0.99994991,0.72423334,18080.32
4.603,0.99995306,0.71954765,17978.755
4.614,0.99995647,0.71488194,17877.796
4.625,0.9999597,0.71023933,17777.439
4.636,0.99996254,0.7056227,17677.683
4.647,0.99996491,0.70103476,17578.523
4.658,0.99996682,0.69647806,17479.958
4.669,0.99996828,0.69195494,17381.984
4.68,0.99996936,0.68746759,17284.599
4.691,0.99997007,0.68301805,17187.799
4.702,0.99997045,0.67860817,17091.581
4.713,0.99997052,0.67423968,16995.944
4.724,0.99997029,0.66991416,16900.883
4.735,0.99996976,0.66563305,16806.395
4.746,0.99996893,0.66139767,16712.479
4.757,0.99996778,0.65720921,16619.13
4.768,0.99996628,0.65306874,16526.346
4.779,0.99996438,0.64897721,16434.125
4.79,0.99996205,0.6449355,16342.462
4.801,0.9999592,0.64094434,16251.355
4.812,0.99995575,0.63700441,16160.802
4.823,0.99995158,0.63311626,16070.798
4.834,0.99994653,0.6292804,15981.342
4.845,0.99994041,0.62549723,15892.43
4.856,0.99993298,0.62176708,15804.059
4.867,0.9999239,0.61809021,15716.226
4.878,0.99991274,0.61446682,15628.929
4.889,0.99989895,0.61089705,15542.165
4.9,0.9998818,0.60738097,15455.929
4.911,0.99986033,0.60391861,15370.221
4.922,0.99983332,0.60050993,15285.036
4.933,0.9997992,0.59715488,15200.371
4.944,0.9997561,0.59385333,15116.224
4.955,0.99970193,0.59060512,15032.592
4.966,0.99963484,0.58741006,14949.472
4.977,0.9995541,0.58426792,14866.861
4.988,0.99946178,0.58117845,14784.756
4.999,0.99936464,0.57814134,14703.154
5.01,0.99927506,0.57515629,14622.052
5.021,0.99920826,0.57222295,14541.447
5.032,0.99917576,0.56934096,14461.337
5.043,0.99917942,0.56650994,14381.719
5.054,0.99921156,0.56372948,14302.589
5.065,0.99926031,0.56099916,14223.945
5.076,0.99931495,0.55831856,14145.784
5.087,0.99936828,0.55568721,14068.103
5.098,0.99941648,0.55310466,13990.9
5.109,0.999458,0.55057044,13914.171
5.12,0.99949262,0.54808407,13837.914
5.131,0.99952071,0.54564507,13762.125
5.142,0.99954287,0.54325293,13686.803
5.153,0.99955972,0.54090716,13611.943
5.164,0.99957179,0.53860725,13537.544
5.175,0.99957954,0.53635269,13463.603
5.186,0.99958328,0.53414297,13390.117
5.197,0.99958323,0.53197758,13317.083
5.208,0.9995795,0.52985599,13244.498
5.219,0.99957207,0.5277777,13172.36
5.23,0.99956084,0.52574218,13100.666
5.241,0.99954559,0.52374891,13029.414
5.252,0.99952597,0.52179739,12958.599
5.263,0.99950153,0.5198871,12888.221
5.274,0.99947161,0.51801752,12818.276
5.285,0.99943542,0.51618815,12748.761
5.296,0.99939189,0.51439848,12679.674
5.307,0.99933968,0.51264801,12611.013
5.318,0.99927711,0.51093623,12542.774
5.329,0.999202,0.50926265,12474.954
5.34,0.99911159,0.50762678,12407.553
5.351,0.99900237,0.50602812,12340.566
5.362,0.99886984,0.5044662,12273.991
5.373,0.99870823,0.50294054,12207.825
5.384,0.99851022,0.50145066,12142.067
5.395,0.99826654,0.4999961,12076.713
5.406,0.99796575,0.49857638,12011.761
5.417,0.99759414,0.49719107,11947.208
5.428,0.99713649,0.49583969,11883.053
5.439,0.9965782,0.4945218,11819.291
5.45,0.99591028,0.49323697,11755.922
5.461,0.99513839,0.49198475,11692.942
5.472,0.99429604,0.49076473,11630.348
5.483,0.99345659,0.48957646,11568.14
5.494,0.99273146,0.48841954,11506.313
5.505,0.99224066,0.48729355,11444.866
5.516,0.99206193,0.48619809,11383.796
5.527,0.99219392,0.48513276,11323.101
5.538,0.99256446,0.48409715,11262.778
5.549,0.99307263,0.48309089,11202.826
5.56,0.99362848,0.48211358,11143.241
5.571,0.99417066,0.48116486,11084.021
5.582,0.99466562,0.48024435,11025.164
5.593,0.99509959,0.47935168,10966.668
5.604,0.99547036,0.47848649,10908.53
5.615,0.99578151,0.47764844,10850.748
5.626,0.99603891,0.47683717,10793.32
5.637,0.99624887,0.47605234,10736.243
5.648,0.99641724,0.4752936,10679.516
5.659,0.99654906,0.47456064,10623.135
5.67,0.99664846,0.47385312,10567.1
5.681,0.9967187,0.47317073,10511.406
5.692,0.99676224,0.47251313,10456.053
5.703,0.9967808,0.47188004,10401.038
5.714,0.99677545,0.47127113,10346.359
5.725,0.99674663,0.47068611,10292.013
5.736,0.99669419,0.47012468,10237.999
5.747,0.99661742,0.46958656,10184.314
5.758,0.99651498,0.46907146,10130.957
5.769,0.99638489,0.46857909,10077.924
5.78,0.99622443,0.46810918,10025.215
5.791,0.99603008,0.46766147,9972.8266
5.802,0.99579731,0.46723567,9920.7569
5.813,0.99552042,0.46683154,9869.004
5.824,0.99519231,0.46644881,9817.5657
5.835,0.99480412,0.46608723,9766.4401
5.846,0.99434486,0.46574655,9715.625
5.857,0.99380093,0.46542653,9665.1185
5.868,0.99315547,0.46512692,9614.9185
5.879,0.99238774,0.4648475,9565.023
5.89,0.99147237,0.46458802,9515.4301
5.901,0.99037872,0.46434826,9466.1378
5.912,0.98907057,0.46412799,9417.144
5.923,0.98750676,0.463927,9368.447
5.934,0.98564367,0.46374506,9320.0446
5.945,0.98344123,0.46358197,9271.935
5.956,0.98087494,0.46343752,9224.1163
5.967,0.97795635,0.46331149,9176.5865
5.978,0.97476278,0.46320368,9129.3438
5.989,0.97147011,0.46311391,9082.3863
6,0.96836967,0.46304196,9035.7122
6.08676,0.97314005,0.46307783,8677.3058
6.17352,0.98583291,0.46412413,8335.5259
6.26027,0.98915617,0.46610377,8009.5302
6.34703,0.98831626,0.46894878,7698.5193
6.43379,0.98290525,0.4725989,7401.7341
6.52055,0.96631304,0.47700028,7118.4547
6.60731,0.93020157,0.48210446,6847.9988
6.69406,0.94009629,0.48786739,6589.7194
6.78082,0.96775791,0.49424861,6343.0037
6.86758,0.97875673,0.5012106,6107.2712
6.95434,0.98219571,0.50871809,5881.9723
7.0411,0.98168835,0.51673757,5666.5863
7.12785,0.97731557,0.52523687,5460.6205
7.21461,0.9663079,0.53418469,5263.6083
7.30137,0.94174363,0.54355032,5075.108
7.38813,0.90646618,0.55330336,4894.7014
7.47489,0.91432235,0.56341346,4721.9926
7.56164,0.94696025,0.57385013,4556.6067
7.6484,0.96579179,0.58458264,4398.1889
7.73516,0.97454848,0.59557983,4246.403
7.82192,0.97830952,0.6068101,4100.9307
7.90868,0.97918316,0.61824136,3961.4705
7.99543,0.97775457,0.62984097,3827.7366
8.08219,0.97366745,0.64157585,3699.4585
8.16895,0.96553999,0.65341245,3576.3795
8.25571,0.95052771,0.66531689,3458.2567
8.34247,0.92539757,0.67725504,3344.8593
8.42922,0.89808604,0.68919264,3235.969
8.51598,0.89881894,0.70109546,3131.3783
8.60274,0.92494266,0.71292944,3030.8905
8.6895,0.94808397,0.72466092,2934.3191
8.77626,0.96225339,0.73625676,2841.4868
8.86301,0.97034746,0.74768457,2752.2257
8.94977,0.97487616,0.7589129,2666.3759
9.03653,0.97720704,0.76991141,2583.7858
9.12329,0.97800409,0.78065111,2504.3113
9.21005,0.97752753,0.79110446,2427.8156
9.2968,0.97576467,0.80124561,2354.1685
9.38356,0.97245416,0.81105053,2283.2462
9.47032,0.96703559,0.82049712,2214.9311
9.55708,0.95855338,0.82956534,2149.1114
9.64384,0.9456561,0.8382373,2085.6804
9.73059,0.92732234,0.84649737,2024.5368
9.81735,0.90593771,0.85433213,1965.5841
9.90411,0.89189509,0.86173051,1908.7306
9.99087,0.8964147,0.86868368,1853.8886
10.0776,0.91455838,0.87518512,1800.9748
10.1644,0.93386694,0.88123049,1749.9097
10.2511,0.9487902,0.88681764,1700.6176
10.3379,0.95917107,0.89194646,1653.0263
10.4247,0.9661877,0.89661884,1607.067
10.5114,0.97089848,0.90083851,1562.6738
10.5982,0.9740258,0.90461094,1519.7843
10.6849,0.97602533,0.9079432,1478.3385
10.7717,0.97717406,0.91084382,1438.2793
10.8584,0.97763142,0.91332267,1399.5522
10.9452,0.97747564,0.91539075,1362.105
11.032,0.97672299,0.91706012,1325.8881
11.1187,0.97533528,0.91834372,1290.8538
11.2055,0.97321875,0.91925521,1256.9568
11.2922,0.9702161,0.91980888,1224.1534
11.379,0.96609334,0.92001949,1192.4023
11.4658,0.96052705,0.91990214,1161.6635
11.5525,0.95310866,0.9194722,1131.899
11.6393,0.94341131,0.91874516,1103.0726
11.726,0.93122072,0.91773654,1075.1492
11.8128,0.91708062,0.91646181,1048.0955
11.8995,0.90312291,0.91493633,1021.8796
11.9863,0.8933239,0.91317523,996.47083
12.0731,0.89157887,0.91119338,971.83989
12.1598,0.89839073,0.90900536,947.95866
12.2466,0.9104728,0.90662534,924.80018
12.3333,0.92379681,0.90406712,902.33864
12.4201,0.93588156,0.90134405,880.54923
12.5068,0.94586358,0.89846902,859.40821
12.5936,0.95375647,0.89545443,838.89277
12.6804,0.95988352,0.8923122,818.98103
12.7671,0.96460953,0.88905372,799.65197
12.8539,0.96824845,0.8856899,780.88545
12.9406,0.97104542,0.88223112,762.66209
13.0274,0.97318405,0.87868724,744.9633
13.1142,0.9747992,0.87506762,727.77121
13.2009,0.97598878,0.87138115,711.06865
13.2877,0.97682304,0.86763619,694.83913
13.3744,0.97735136,0.86384065,679.06679
13.4612,0.97760707,0.86000197,663.73638
13.5479,0.97761073,0.85612714,648.83324
13.6347,0.97737232,0.85222271,634.34326
13.7215,0.9768925,0.84829482,620.25288
13.8082,0.97616324,0.84434921,606.54903
13.895,0.97516792,0.84039123,593.21917
13.9817,0.97388097,0.83642585,580.25119
14.0685,0.97226709,0.83245772,567.63344
14.1553,0.97028023,0.82849112,555.35472
14.242,0.96786239,0.82453003,543.40423
14.3288,0.96494274,0.82057814,531.77157
14.4155,0.96143742,0.81663883,520.4467
14.5023,0.95725148,0.81271522,509.41998
14.589,0.95228481,0.80881017,498.68209
14.6758,0.94644564,0.80492631,488.22406
14.7626,0.93967637,0.80106605,478.03723
14.8493,0.93199756,0.79723155,468.11326
14.9361,0.92357312,0.79342481,458.4441
15.0228,0.91478879,0.78964762,449.02199
15.1096,0.90631165,0.7859016,439.83943
15.1963,0.89906825,0.78218821,430.8892
15.2831,0.8940753,0.77850875,422.16431
15.3699,0.89212996,0.77486438,413.65803
15.4566,0.89350147,0.77125612,405.36386
15.5434,0.89782686,0.76768487,397.27551
15.6301,0.90428376,0.76415141,389.38692
15.7169,0.91190837,0.76065641,381.69223
15.8037,0.91986309,0.75720046,374.18578
15.8904,0.92755907,0.75378404,366.8621
15.9772,0.93465582,0.75040752,359.71589
16.0639,0.94100231,0.74707124,352.74206
16.1507,0.94656939,0.74377544,345.93565
16.2374,0.95139565,0.74052027,339.2919
16.3242,0.95555133,0.73730587,332.80617
16.411,0.95911675,0.73413227,326.47401
16.4977,0.96217077,0.73099948,320.2911
16.5845,0.9647854,0.72790744,314.25324
16.6712,0.96702377,0.72485607,308.3564
16.758,0.96893993,0.72184523,302.59666
16.8447,0.97057951,0.71887473,296.97023
16.9315,0.97198071,0.71594439,291.47343
17.0183,0.97317532,0.71305396,286.10272
17.105,0.97418974,0.71020317,280.85466
17.1918,0.97504581,0.70739173,275.72592
17.2785,0.97576158,0.70461934,270.71326
17.3653,0.97635194,0.70188564,265.81357
17.4521,0.97682908,0.6991903,261.02381
17.5388,0.97720297,0.69653294,256.34105
17.6256,0.97748165,0.69391318,251.76245
17.7123,0.97767154,0.69133062,247.28524
17.7991,0.97777763,0.68878486,242.90676
17.8858,0.97780367,0.68627547,238.62442
17.9726,0.9777523,0.68380203,234.4357
18.0594,0.97762517,0.68136411,230.33817
18.1461,0.97742299,0.67896126,226.32947
18.2329,0.97714561,0.67659305,222.40729
18.3196,0.97679205,0.67425903,218.56943
18.4064,0.97636054,0.67195874,214.81371
18.4932,0.97584849,0.66969174,211.13805
18.5799,0.97525252,0.66745757,207.54042
18.6667,0.97456841,0.66525577,204.01884
18.7534,0.97379112,0.66308589,200.57141
18.8402,0.97291473,0.66094747,197.19625
18.9269,0.97193239,0.65884007,193.89156
19.0137,0.97083634,0.65676323,190.6556
19.1005,0.96961779,0.6547165,187.48666
19.1872,0.96826698,0.65269944,184.38309
19.274,0.96677315,0.65071159,181.34328
19.3607,0.96512452,0.64875253,178.36567
19.4475,0.96330843,0.64682181,175.44874
19.5342,0.96131143,0.644919,172.59103
19.621,0.95911954,0.64304367,169.79109
19.7078,0.95671857,0.6411954,167.04755
19.7945,0.95409473,0.63937376,164.35903
19.8813,0.95123532,0.63757833,161.72424
19.968,0.94812983,0.63580872,159.14188
20.0548,0.94477133,0.6340645,156.61072
20.1416,0.94115827,0.63234528,154.12955
20.2283,0.93729676,0.63065067,151.69718
20.3151,0.93320323,0.62898026,149.31248
20.4018,0.9289074,0.62733368,146.97434
20.4886,0.92445539,0.62571054,144.68166
20.5753,0.91991247,0.62411047,142.4334
20.6621,0.91536484,0.6225331,140.22852
20.7489,0.91091979,0.62097806,138.06604
20.8356,0.90670328,0.61944499,135.94498
20.9224,0.9028543,0.61793354,133.86439
21.0091,0.89951585,0.61644336,131.82335
21.0959,0.89682308,0.61497411,129.82097
21.1826,0.89488994,0.61352544,127.85638
21.2694,0.89379671,0.61209703,125.92871
21.3562,0.89358081,0.61068855,124.03716
21.4429,0.89423285,0.60929968,122.1809
21.5297,0.89569875,0.60793009,120.35915
21.6164,0.89788736,0.60657948,118.57115
21.7032,0.90068177,0.60524754,116.81616
21.79,0.90395191,0.60393396,115.09344
21.8767,0.90756632,0.60263846,113.40229
21.9635,0.91140152,0.60136074,111.74201
22.0502,0.91534839,0.60010051,110.11195
22.137,0.91931546,0.59885749,108.51143
22.2237,0.92322979,0.59763141,106.93982
22.3105,0.92703611,0.59642198,105.3965
22.3973,0.9306948,0.59522896,103.88087
22.484,0.93417951,0.59405206,102.39232
22.5708,0.93747454,0.59289103,100.93028
22.6575,0.94057255,0.59174562,99.49419
22.7443,0.94347242,0.59061558,98.083497
22.8311,0.94617753,0.58950066,96.697667
22.9178,0.9486944,0.58840062,95.336176
23.0046,0.95103157,0.58731523,93.998514
23.0913,0.95319881,0.58624425,92.684184
23.1781,0.95520646,0.58518746,91.392699
23.2648,0.95706506,0.58414462,90.123587
23.3516,0.95878497,0.58311552,88.876385
23.4384,0.96037622,0.58209994,87.650641
23.5251,0.96184838,0.58109767,86.445915
23.6119,0.96321041,0.5801085,85.261776
23.6986,0.96447072,0.57913223,84.097805
23.7854,0.96563711,0.57816864,82.953591
23.8721,0.96671674,0.57721755,81.828735
23.9589,0.96771626,0.57627876,80.722846
24.0457,0.96864171,0.57535207,79.635541
24.1324,0.96949867,0.57443731,78.566448
24.2192,0.9702922,0.57353428,77.515204
24.3059,0.97102695,0.5726428,76.481451
24.3927,0.97170713,0.5717627,75.464843
24.4795,0.97233662,0.5708938,74.465041
24.5662,0.97291891,0.57003592,73.481712
24.653,0.97345721,0.56918891,72.514533
24.7397,0.97395444,0.56835259,71.563186
24.8265,0.97441326,0.5675268,70.627364
24.9132,0.97483607,0.56671138,69.706762
25,0.9752251,0.56590617,68.801086
