# frame, leg, t, axis x, axis y, axis z, best n, diff %
0, 0, 0.0000, 0.000000, -0.525731, -0.850651, 5, 0.0000
1, 0, 0.0111, 0.004260, -0.520729, -0.853711, 5, 36.7707
2, 0, 0.0222, 0.008521, -0.515700, -0.856727, 5, 51.6701
3, 0, 0.0333, 0.012781, -0.510643, -0.859698, 5, 60.9088
4, 0, 0.0444, 0.017040, -0.505560, -0.862623, 5, 67.2944
5, 0, 0.0556, 0.021298, -0.500450, -0.865504, 5, 71.0537
6, 0, 0.0667, 0.025555, -0.495314, -0.868338, 5, 73.1395
7, 0, 0.0778, 0.029811, -0.490151, -0.871127, 2, 73.5444
8, 0, 0.0889, 0.034065, -0.484963, -0.873871, 2, 73.2643
9, 0, 0.1000, 0.038317, -0.479750, -0.876568, 2, 73.7559
10, 0, 0.1111, 0.042568, -0.474511, -0.879220, 2, 73.9270
11, 0, 0.1222, 0.046816, -0.469248, -0.881825, 2, 74.0789
12, 0, 0.1333, 0.051062, -0.463959, -0.884384, 2, 73.5390
13, 0, 0.1444, 0.055305, -0.458647, -0.886896, 2, 73.3575
14, 0, 0.1556, 0.059545, -0.453310, -0.889362, 2, 72.8018
15, 0, 0.1667, 0.063782, -0.447950, -0.891781, 2, 73.5843
16, 0, 0.1778, 0.068016, -0.442565, -0.894153, 2, 73.7904
17, 0, 0.1889, 0.072246, -0.437158, -0.896478, 2, 73.0661
18, 0, 0.2000, 0.076472, -0.431728, -0.898756, 2, 72.9142
19, 0, 0.2111, 0.080694, -0.426275, -0.900987, 2, 72.5222
20, 0, 0.2222, 0.084912, -0.420800, -0.903171, 2, 72.5616
21, 0, 0.2333, 0.089126, -0.415302, -0.905307, 2, 71.6711
22, 0, 0.2444, 0.093335, -0.409783, -0.907396, 2, 71.6395
23, 0, 0.2556, 0.097539, -0.404242, -0.909436, 2, 71.9132
24, 0, 0.2667, 0.101737, -0.398680, -0.911430, 2, 72.2012
25, 0, 0.2778, 0.105931, -0.393097, -0.913375, 2, 73.1534
26, 0, 0.2889, 0.110119, -0.387493, -0.915272, 2, 73.6884
27, 0, 0.3000, 0.114301, -0.381869, -0.917121, 2, 73.6228
28, 0, 0.3111, 0.118477, -0.376225, -0.918922, 2, 72.7495
29, 0, 0.3222, 0.122647, -0.370561, -0.920675, 2, 71.6593
30, 0, 0.3333, 0.126811, -0.364878, -0.922379, 2, 71.7643
31, 0, 0.3444, 0.130967, -0.359175, -0.924035, 2, 70.6317
32, 0, 0.3556, 0.135117, -0.353454, -0.925642, 2, 70.1045
33, 0, 0.3667, 0.139260, -0.347714, -0.927201, 2, 69.1149
34, 0, 0.3778, 0.143396, -0.341956, -0.928711, 2, 69.7673
35, 0, 0.3889, 0.147524, -0.336180, -0.930172, 2, 69.7096
36, 0, 0.4000, 0.151644, -0.330386, -0.931584, 2, 69.3634
37, 0, 0.4111, 0.155756, -0.324575, -0.932948, 2, 68.2559
38, 0, 0.4222, 0.159860, -0.318746, -0.934262, 2, 68.3989
39, 0, 0.4333, 0.163956, -0.312901, -0.935527, 2, 68.2387
40, 0, 0.4444, 0.168043, -0.307040, -0.936743, 2, 66.9389
41, 0, 0.4556, 0.172121, -0.301162, -0.937910, 2, 67.0838
42, 0, 0.4667, 0.176190, -0.295269, -0.939028, 2, 68.6346
43, 0, 0.4778, 0.180250, -0.289360, -0.940096, 2, 70.3373
44, 0, 0.4889, 0.184301, -0.283436, -0.941115, 2, 71.6691
45, 0, 0.5000, 0.188342, -0.277497, -0.942084, 2, 73.4916
46, 0, 0.5111, 0.192373, -0.271543, -0.943004, 2, 73.5621
47, 0, 0.5222, 0.196393, -0.265576, -0.943875, 2, 73.6169
48, 0, 0.5333, 0.200404, -0.259594, -0.944695, 2, 73.6583
49, 0, 0.5444, 0.204404, -0.253598, -0.945467, 2, 72.6810
50, 0, 0.5556, 0.208393, -0.247590, -0.946188, 2, 71.6553
51, 0, 0.5667, 0.212371, -0.241568, -0.946860, 2, 71.4137
52, 0, 0.5778, 0.216338, -0.235533, -0.947482, 2, 72.2461
53, 0, 0.5889, 0.220294, -0.229487, -0.948054, 2, 72.1075
54, 0, 0.6000, 0.224238, -0.223428, -0.948576, 2, 71.9477
55, 0, 0.6111, 0.228170, -0.217357, -0.949049, 2, 71.9167
56, 0, 0.6222, 0.232091, -0.211275, -0.949472, 2, 72.7318
57, 0, 0.6333, 0.235999, -0.205182, -0.949845, 2, 73.3407
58, 0, 0.6444, 0.239895, -0.199078, -0.950168, 2, 73.7737
59, 0, 0.6556, 0.243778, -0.192963, -0.950441, 2, 73.6445
60, 0, 0.6667, 0.247648, -0.186839, -0.950664, 2, 74.3230
61, 0, 0.6778, 0.251506, -0.180705, -0.950837, 2, 74.2781
62, 0, 0.6889, 0.255350, -0.174561, -0.950960, 2, 74.6321
63, 0, 0.7000, 0.259181, -0.168408, -0.951033, 2, 74.3624
64, 0, 0.7111, 0.262998, -0.162246, -0.951056, 2, 74.0133
65, 0, 0.7222, 0.266801, -0.156076, -0.951030, 2, 73.9625
66, 0, 0.7333, 0.270590, -0.149897, -0.950953, 2, 73.8777
67, 0, 0.7444, 0.274365, -0.143710, -0.950826, 2, 73.4763
68, 0, 0.7556, 0.278126, -0.137516, -0.950650, 2, 72.9837
69, 0, 0.7667, 0.281872, -0.131315, -0.950423, 2, 72.4246
70, 0, 0.7778, 0.285603, -0.125107, -0.950147, 2, 72.2480
71, 0, 0.7889, 0.289320, -0.118892, -0.949820, 2, 72.1987
72, 0, 0.8000, 0.293021, -0.112671, -0.949444, 2, 72.2110
73, 0, 0.8111, 0.296706, -0.106445, -0.949018, 2, 72.9329
74, 0, 0.8222, 0.300376, -0.100212, -0.948542, 2, 73.1529
75, 0, 0.8333, 0.304031, -0.093974, -0.948016, 2, 73.1800
76, 0, 0.8444, 0.307669, -0.087732, -0.947440, 2, 72.8802
77, 0, 0.8556, 0.311291, -0.081484, -0.946815, 2, 72.5789
78, 0, 0.8667, 0.314897, -0.075233, -0.946140, 2, 72.8757
79, 0, 0.8778, 0.318486, -0.068977, -0.945415, 2, 72.1864
80, 0, 0.8889, 0.322058, -0.062718, -0.944640, 2, 71.6415
81, 0, 0.9000, 0.325614, -0.056456, -0.943816, 2, 72.2145
82, 0, 0.9111, 0.329152, -0.050190, -0.942942, 2, 71.6750
83, 0, 0.9222, 0.332674, -0.043922, -0.942019, 2, 70.5163
84, 0, 0.9333, 0.336177, -0.037652, -0.941046, 2, 69.8225
85, 0, 0.9444, 0.339663, -0.031380, -0.940023, 2, 68.3891
86, 0, 0.9556, 0.343131, -0.025106, -0.938952, 2, 67.1750
87, 0, 0.9667, 0.346582, -0.018830, -0.937831, 2, 65.9645
88, 0, 0.9778, 0.350014, -0.012554, -0.936661, 3, 60.0345
89, 0, 0.9889, 0.353427, -0.006277, -0.935441, 3, 44.3013
90, 1, 0.0000, 0.356822, 0.000000, -0.934172, 3, 0.0000
91, 1, 0.0111, 0.358713, -0.003511, -0.933441, 3, 33.3708
92, 1, 0.0222, 0.360597, -0.007022, -0.932695, 3, 48.9847
93, 1, 0.0333, 0.362476, -0.010532, -0.931933, 3, 57.3092
94, 1, 0.0444, 0.364349, -0.014043, -0.931157, 2, 62.0419
95, 1, 0.0556, 0.366216, -0.017553, -0.930364, 2, 63.2056
96, 1, 0.0667, 0.368077, -0.021063, -0.929557, 2, 64.6124
97, 1, 0.0778, 0.369932, -0.024573, -0.928734, 2, 66.1854
98, 1, 0.0889, 0.371780, -0.028082, -0.927896, 2, 66.5247
99, 1, 0.1000, 0.373623, -0.031591, -0.927042, 2, 68.0626
100, 1, 0.1111, 0.375460, -0.035099, -0.926174, 2, 68.5488
101, 1, 0.1222, 0.377290, -0.038607, -0.925290, 2, 70.4053
102, 1, 0.1333, 0.379114, -0.042114, -0.924391, 2, 71.4127
103, 1, 0.1444, 0.380932, -0.045621, -0.923477, 2, 71.8195
104, 1, 0.1556, 0.382744, -0.049126, -0.922548, 2, 71.7490
105, 1, 0.1667, 0.384549, -0.052631, -0.921603, 2, 71.7076
106, 1, 0.1778, 0.386348, -0.056135, -0.920643, 2, 71.3555
107, 1, 0.1889, 0.388141, -0.059638, -0.919669, 2, 71.3679
108, 1, 0.2000, 0.389927, -0.063140, -0.918679, 2, 71.0947
109, 1, 0.2111, 0.391707, -0.066641, -0.917674, 2, 71.0631
110, 1, 0.2222, 0.393480, -0.070141, -0.916653, 2, 71.3052
111, 1, 0.2333, 0.395247, -0.073640, -0.915618, 2, 71.3536
112, 1, 0.2444, 0.397008, -0.077138, -0.914568, 2, 71.6760
113, 1, 0.2556, 0.398761, -0.080634, -0.913503, 2, 71.8895
114, 1, 0.2667, 0.400509, -0.084129, -0.912423, 2, 72.4172
115, 1, 0.2778, 0.402250, -0.087622, -0.911327, 2, 72.3457
116, 1, 0.2889, 0.403984, -0.091115, -0.910217, 2, 71.8752
117, 1, 0.3000, 0.405711, -0.094605, -0.909092, 2, 72.0957
118, 1, 0.3111, 0.407432, -0.098094, -0.907952, 2, 71.9556
119, 1, 0.3222, 0.409147, -0.101582, -0.906797, 2, 72.3215
120, 1, 0.3333, 0.410854, -0.105068, -0.905627, 2, 72.7258
121, 1, 0.3444, 0.412555, -0.108552, -0.904442, 2, 72.9541
122, 1, 0.3556, 0.414249, -0.112034, -0.903242, 2, 72.9867
123, 1, 0.3667, 0.415936, -0.115515, -0.902028, 2, 72.6519
124, 1, 0.3778, 0.417616, -0.118993, -0.900798, 2, 72.8757
125, 1, 0.3889, 0.419290, -0.122470, -0.899554, 2, 72.8052
126, 1, 0.4000, 0.420956, -0.125944, -0.898295, 2, 72.7520
127, 1, 0.4111, 0.422616, -0.129417, -0.897021, 2, 73.2342
128, 1, 0.4222, 0.424268, -0.132887, -0.895733, 2, 73.0365
129, 1, 0.4333, 0.425914, -0.136355, -0.894430, 2, 73.1356
130, 1, 0.4444, 0.427553, -0.139821, -0.893112, 2, 72.9665
131, 1, 0.4556, 0.429184, -0.143285, -0.891779, 2, 73.5843
132, 1, 0.4667, 0.430809, -0.146746, -0.890432, 2, 74.3205
133, 1, 0.4778, 0.432427, -0.150205, -0.889070, 2, 74.7771
134, 1, 0.4889, 0.434037, -0.153662, -0.887694, 2, 75.0878
135, 1, 0.5000, 0.435640, -0.157116, -0.886303, 2, 75.4320
136, 1, 0.5111, 0.437236, -0.160567, -0.884897, 2, 75.1159
137, 1, 0.5222, 0.438825, -0.164016, -0.883477, 2, 75.1938
138, 1, 0.5333, 0.440407, -0.167462, -0.882042, 2, 75.0128
139, 1, 0.5444, 0.441982, -0.170905, -0.880593, 2, 73.8964
140, 1, 0.5556, 0.443549, -0.174346, -0.879129, 2, 73.1760
141, 1, 0.5667, 0.445109, -0.177783, -0.877651, 2, 73.5715
142, 1, 0.5778, 0.446661, -0.181218, -0.876158, 2, 72.9078
143, 1, 0.5889, 0.448207, -0.184649, -0.874652, 2, 72.6277
144, 1, 0.6000, 0.449745, -0.188078, -0.873130, 2, 72.4566
145, 1, 0.6111, 0.451275, -0.191504, -0.871595, 2, 72.0750
146, 1, 0.6222, 0.452798, -0.194926, -0.870045, 2, 71.4038
147, 1, 0.6333, 0.454314, -0.198345, -0.868480, 2, 71.1622
148, 1, 0.6444, 0.455822, -0.201761, -0.866902, 2, 71.8417
149, 1, 0.6556, 0.457323, -0.205174, -0.865309, 2, 71.9758
150, 1, 0.6667, 0.458816, -0.208583, -0.863702, 2, 71.7993
151, 1, 0.6778, 0.460302, -0.211989, -0.862081, 2, 72.1795
152, 1, 0.6889, 0.461780, -0.215391, -0.860445, 2, 72.3284
153, 1, 0.7000, 0.463250, -0.218790, -0.858796, 2, 72.1578
154, 1, 0.7111, 0.464713, -0.222185, -0.857132, 2, 72.1869
155, 1, 0.7222, 0.466169, -0.225577, -0.855454, 2, 71.9980
156, 1, 0.7333, 0.467616, -0.228965, -0.853762, 2, 71.8452
157, 1, 0.7444, 0.469056, -0.232349, -0.852057, 2, 71.6770
158, 1, 0.7556, 0.470488, -0.235729, -0.850337, 2, 71.3417
159, 1, 0.7667, 0.471913, -0.239105, -0.848603, 2, 71.6233
160, 1, 0.7778, 0.473329, -0.242478, -0.846855, 2, 71.7978
161, 1, 0.7889, 0.474738, -0.245846, -0.845094, 2, 71.1558
162, 1, 0.8000, 0.476140, -0.249211, -0.843318, 2, 69.6154
163, 1, 0.8111, 0.477533, -0.252571, -0.841529, 2, 68.7436
164, 1, 0.8222, 0.478918, -0.255927, -0.839725, 2, 69.1228
165, 1, 0.8333, 0.480296, -0.259279, -0.837908, 2, 68.9956
166, 1, 0.8444, 0.481666, -0.262627, -0.836077, 2, 70.0720
167, 1, 0.8556, 0.483027, -0.265970, -0.834233, 2, 70.7179
168, 1, 0.8667, 0.484381, -0.269309, -0.832375, 2, 70.4689
169, 1, 0.8778, 0.485727, -0.272644, -0.830503, 2, 70.3511
170, 1, 0.8889, 0.487065, -0.275974, -0.828617, 2, 69.9596
171, 1, 0.9000, 0.488395, -0.279300, -0.826718, 2, 67.9842
172, 1, 0.9111, 0.489717, -0.282621, -0.824805, 2, 66.6302
173, 1, 0.9222, 0.491030, -0.285937, -0.822878, 2, 65.6785
174, 1, 0.9333, 0.492336, -0.289249, -0.820939, 2, 64.3102
175, 1, 0.9444, 0.493634, -0.292556, -0.818985, 2, 61.3743
176, 1, 0.9556, 0.494923, -0.295858, -0.817018, 2, 55.9640
177, 1, 0.9667, 0.496205, -0.299155, -0.815038, 2, 48.4349
178, 1, 0.9778, 0.497478, -0.302447, -0.813044, 2, 39.4093
179, 1, 0.9889, 0.498743, -0.305735, -0.811037, 2, 26.8738
180, 2, 0.0000, 0.500000, -0.309017, -0.809017, 2, 0.0000
181, 2, 0.0111, 0.495014, -0.312087, -0.810902, 2, 34.7505
182, 2, 0.0222, 0.490010, -0.315144, -0.812757, 2, 49.7179
183, 2, 0.0333, 0.484987, -0.318190, -0.814581, 2, 61.1534
184, 2, 0.0444, 0.479946, -0.321224, -0.816374, 2, 64.9975
185, 2, 0.0556, 0.474887, -0.324246, -0.818136, 2, 67.3679
186, 2, 0.0667, 0.469810, -0.327255, -0.819868, 2, 69.3708
187, 2, 0.0778, 0.464715, -0.330252, -0.821568, 2, 70.5350
188, 2, 0.0889, 0.459602, -0.333236, -0.823237, 2, 71.2002
189, 2, 0.1000, 0.454472, -0.336208, -0.824875, 2, 71.5991
190, 2, 0.1111, 0.449325, -0.339167, -0.826482, 2, 72.8767
191, 2, 0.1222, 0.444160, -0.342114, -0.828058, 2, 73.6257
192, 2, 0.1333, 0.438979, -0.345047, -0.829602, 2, 73.7653
193, 2, 0.1444, 0.433782, -0.347967, -0.831115, 2, 73.5957
194, 2, 0.1556, 0.428568, -0.350875, -0.832596, 2, 73.6711
195, 2, 0.1667, 0.423337, -0.353768, -0.834046, 2, 74.0079
196, 2, 0.1778, 0.418091, -0.356649, -0.835465, 2, 73.7885
197, 2, 0.1889, 0.412829, -0.359516, -0.836851, 2, 74.2692
198, 2, 0.2000, 0.407551, -0.362369, -0.838207, 2, 74.8462
199, 2, 0.2111, 0.402258, -0.365209, -0.839530, 2, 74.6588
200, 2, 0.2222, 0.396950, -0.368035, -0.840822, 2, 74.7663
201, 2, 0.2333, 0.391627, -0.370847, -0.842081, 2, 74.5537
202, 2, 0.2444, 0.386288, -0.373645, -0.843309, 2, 74.3851
203, 2, 0.2556, 0.380936, -0.376429, -0.844506, 2, 74.1736
204, 2, 0.2667, 0.375568, -0.379198, -0.845670, 2, 72.6721
205, 2, 0.2778, 0.370187, -0.381953, -0.846802, 2, 72.8994
206, 2, 0.2889, 0.364791, -0.384694, -0.847902, 2, 73.3891
207, 2, 0.3000, 0.359382, -0.387420, -0.848970, 2, 74.0227
208, 2, 0.3111, 0.353959, -0.390132, -0.850006, 2, 74.1366
209, 2, 0.3222, 0.348523, -0.392829, -0.851009, 2, 73.6755
210, 2, 0.3333, 0.343074, -0.395511, -0.851981, 2, 73.1815
211, 2, 0.3444, 0.337611, -0.398178, -0.852920, 2, 73.1538
212, 2, 0.3556, 0.332136, -0.400830, -0.853827, 2, 72.7801
213, 2, 0.3667, 0.326649, -0.403466, -0.854702, 2, 72.8304
214, 2, 0.3778, 0.321149, -0.406088, -0.855544, 2, 73.8156
215, 2, 0.3889, 0.315636, -0.408694, -0.856355, 2, 74.0330
216, 2, 0.4000, 0.310112, -0.411285, -0.857132, 2, 73.7179
217, 2, 0.4111, 0.304576, -0.413860, -0.857877, 2, 72.7692
218, 2, 0.4222, 0.299029, -0.416419, -0.858590, 2, 73.1770
219, 2, 0.4333, 0.293470, -0.418963, -0.859270, 2, 73.2229
220, 2, 0.4444, 0.287900, -0.421491, -0.859918, 2, 72.8609
221, 2, 0.4556, 0.282320, -0.424002, -0.860533, 2, 72.9541
222, 2, 0.4667, 0.276728, -0.426498, -0.861116, 2, 72.6489
223, 2, 0.4778, 0.271126, -0.428978, -0.861666, 2, 72.7110
224, 2, 0.4889, 0.265514, -0.431441, -0.862184, 2, 72.4393
225, 2, 0.5000, 0.259892, -0.433889, -0.862668, 2, 72.4418
226, 2, 0.5111, 0.254260, -0.436319, -0.863121, 2, 72.3945
227, 2, 0.5222, 0.248618, -0.438734, -0.863540, 2, 72.4739
228, 2, 0.5333, 0.242967, -0.441131, -0.863927, 2, 72.7786
229, 2, 0.5444, 0.237307, -0.443512, -0.864281, 2, 72.8826
230, 2, 0.5556, 0.231638, -0.445876, -0.864603, 2, 73.4137
231, 2, 0.5667, 0.225960, -0.448224, -0.864892, 2, 72.9354
232, 2, 0.5778, 0.220273, -0.450554, -0.865148, 2, 73.8328
233, 2, 0.5889, 0.214578, -0.452867, -0.865371, 2, 73.4374
234, 2, 0.6000, 0.208875, -0.455163, -0.865562, 2, 73.7929
235, 2, 0.6111, 0.203165, -0.457442, -0.865720, 2, 73.5104
236, 2, 0.6222, 0.197446, -0.459704, -0.865845, 2, 73.8580
237, 2, 0.6333, 0.191720, -0.461948, -0.865937, 2, 74.4877
238, 2, 0.6444, 0.185987, -0.464175, -0.865997, 2, 74.4068
239, 2, 0.6556, 0.180246, -0.466384, -0.866024, 2, 73.2613
240, 2, 0.6667, 0.174499, -0.468576, -0.866018, 2, 72.7890
241, 2, 0.6778, 0.168746, -0.470749, -0.865979, 2, 73.2298
242, 2, 0.6889, 0.162985, -0.472905, -0.865908, 2, 73.5015
243, 2, 0.7000, 0.157219, -0.475044, -0.865803, 2, 73.9270
244, 2, 0.7111, 0.151447, -0.477164, -0.865667, 2, 73.5079
245, 2, 0.7222, 0.145669, -0.479266, -0.865497, 2, 73.2362
246, 2, 0.7333, 0.139885, -0.481350, -0.865294, 2, 72.7441
247, 2, 0.7444, 0.134097, -0.483416, -0.865059, 2, 71.8476
248, 2, 0.7556, 0.128303, -0.485463, -0.864791, 2, 72.3900
249, 2, 0.7667, 0.122504, -0.487492, -0.864491, 2, 72.2258
250, 2, 0.7778, 0.116701, -0.489503, -0.864157, 2, 71.1534
251, 2, 0.7889, 0.110893, -0.491495, -0.863791, 2, 71.3545
252, 2, 0.8000, 0.105081, -0.493469, -0.863393, 2, 71.4329
253, 2, 0.8111, 0.099265, -0.495423, -0.862961, 2, 71.6647
254, 2, 0.8222, 0.093446, -0.497360, -0.862497, 2, 72.1070
255, 2, 0.8333, 0.087622, -0.499277, -0.862001, 2, 72.6844
256, 2, 0.8444, 0.081796, -0.501175, -0.861471, 2, 72.5725
257, 2, 0.8556, 0.075966, -0.503055, -0.860909, 2, 73.2495
258, 2, 0.8667, 0.070134, -0.504915, -0.860315, 2, 73.5754
259, 2, 0.8778, 0.064299, -0.506757, -0.859688, 2, 73.5616
260, 2, 0.8889, 0.058461, -0.508579, -0.859029, 2, 73.6307
261, 2, 0.9000, 0.052621, -0.510382, -0.858337, 2, 74.1321
262, 2, 0.9111, 0.046779, -0.512165, -0.857612, 5, 74.1307
263, 2, 0.9222, 0.040936, -0.513930, -0.856855, 5, 73.2904
264, 2, 0.9333, 0.035091, -0.515674, -0.856066, 5, 70.9556
265, 2, 0.9444, 0.029244, -0.517400, -0.855244, 5, 66.8915
266, 2, 0.9556, 0.023397, -0.519105, -0.854390, 5, 62.8136
267, 2, 0.9667, 0.017548, -0.520791, -0.853504, 5, 56.7096
268, 2, 0.9778, 0.011699, -0.522458, -0.852585, 5, 47.4763
269, 2, 0.9889, 0.005850, -0.524104, -0.851634, 5, 34.5631
