inner,mid,zoom,rx,ry,rz,level,faces,pents,chi,coords,mantissa_ones,density,powers_of_two,short_tail,worst,ink,l_entropy,distinct,net_digest,image,netfile
0.05,0.05,180,0,0,0,3,10292,12,2,185220,4755732,0.493772,2140,0,39,0.208665,1.428575,238,1cdec8a59c41272d,img_i0.05_m0.05_v0.png,net_i0.05_m0.05_lv3.gosnet
0.05,0.05,260,0.35,0.6,0,3,10292,12,2,185220,4755732,0.493772,2140,0,39,0.399912,3.582487,1158,1cdec8a59c41272d,img_i0.05_m0.05_v1.png,net_i0.05_m0.05_lv3.gosnet
0.05,0.05,420,0.9,1.2,0.3,3,10292,12,2,185220,4755732,0.493772,2140,0,39,0.231438,2.048319,908,1cdec8a59c41272d,img_i0.05_m0.05_v2.png,net_i0.05_m0.05_lv3.gosnet
0.05,0.05,760,0.35,2.4,0,3,10292,12,2,185220,4755732,0.493772,2140,0,39,0.108916,0.929010,348,1cdec8a59c41272d,img_i0.05_m0.05_v3.png,net_i0.05_m0.05_lv3.gosnet
0.05,0.28,180,0,0,0,3,10292,12,2,185220,4774142,0.495683,2140,0,37,0.218303,1.569290,363,bf29c5d6eed32349,img_i0.05_m0.28_v0.png,net_i0.05_m0.28_lv3.gosnet
0.05,0.28,260,0.35,0.6,0,3,10292,12,2,185220,4774142,0.495683,2140,0,37,0.412803,3.720173,1201,bf29c5d6eed32349,img_i0.05_m0.28_v1.png,net_i0.05_m0.28_lv3.gosnet
0.05,0.28,420,0.9,1.2,0.3,3,10292,12,2,185220,4774142,0.495683,2140,0,37,0.244653,2.216328,950,bf29c5d6eed32349,img_i0.05_m0.28_v2.png,net_i0.05_m0.28_lv3.gosnet
0.05,0.28,760,0.35,2.4,0,3,10292,12,2,185220,4774142,0.495683,2140,0,37,0.120938,1.068655,405,bf29c5d6eed32349,img_i0.05_m0.28_v3.png,net_i0.05_m0.28_lv3.gosnet
0.05,0.50,180,0,0,0,3,10292,12,2,185220,4760190,0.494235,2140,0,39,0.230212,1.678486,368,5a04e42d5d1ce48f,img_i0.05_m0.50_v0.png,net_i0.05_m0.50_lv3.gosnet
0.05,0.50,260,0.35,0.6,0,3,10292,12,2,185220,4760190,0.494235,2140,0,39,0.425781,3.835554,1234,5a04e42d5d1ce48f,img_i0.05_m0.50_v1.png,net_i0.05_m0.50_lv3.gosnet
0.05,0.50,420,0.9,1.2,0.3,3,10292,12,2,185220,4760190,0.494235,2140,0,39,0.247195,2.270525,983,5a04e42d5d1ce48f,img_i0.05_m0.50_v2.png,net_i0.05_m0.50_lv3.gosnet
0.05,0.50,760,0.35,2.4,0,3,10292,12,2,185220,4760190,0.494235,2140,0,39,0.123743,1.127901,434,5a04e42d5d1ce48f,img_i0.05_m0.50_v3.png,net_i0.05_m0.50_lv3.gosnet
0.05,0.73,180,0,0,0,3,10292,12,2,185220,4751422,0.493324,2140,0,38,0.247742,1.809541,372,aa2e28a01bd0d23b,img_i0.05_m0.73_v0.png,net_i0.05_m0.73_lv3.gosnet
0.05,0.73,260,0.35,0.6,0,3,10292,12,2,185220,4751422,0.493324,2140,0,38,0.453384,4.050763,1274,aa2e28a01bd0d23b,img_i0.05_m0.73_v1.png,net_i0.05_m0.73_lv3.gosnet
0.05,0.73,420,0.9,1.2,0.3,3,10292,12,2,185220,4751422,0.493324,2140,0,38,0.272529,2.472136,987,aa2e28a01bd0d23b,img_i0.05_m0.73_v2.png,net_i0.05_m0.73_lv3.gosnet
0.05,0.73,760,0.35,2.4,0,3,10292,12,2,185220,4751422,0.493324,2140,0,38,0.145327,1.293101,460,aa2e28a01bd0d23b,img_i0.05_m0.73_v3.png,net_i0.05_m0.73_lv3.gosnet
0.05,0.95,180,0,0,0,3,10292,12,2,185220,4733534,0.491467,2140,0,38,0.267405,1.958012,386,9ae9a75aa186f841,img_i0.05_m0.95_v0.png,net_i0.05_m0.95_lv3.gosnet
0.05,0.95,260,0.35,0.6,0,3,10292,12,2,185220,4733534,0.491467,2140,0,38,0.487190,4.301396,1268,9ae9a75aa186f841,img_i0.05_m0.95_v1.png,net_i0.05_m0.95_lv3.gosnet
0.05,0.95,420,0.9,1.2,0.3,3,10292,12,2,185220,4733534,0.491467,2140,0,38,0.310249,2.737702,1010,9ae9a75aa186f841,img_i0.05_m0.95_v2.png,net_i0.05_m0.95_lv3.gosnet
0.05,0.95,760,0.35,2.4,0,3,10292,12,2,185220,4733534,0.491467,2140,0,38,0.174285,1.486621,464,9ae9a75aa186f841,img_i0.05_m0.95_v3.png,net_i0.05_m0.95_lv3.gosnet
0.28,0.05,180,0,0,0,3,10292,12,2,185220,4755198,0.493716,2100,0,38,0.270559,1.987617,429,60a4606bf64c7441,img_i0.28_m0.05_v0.png,net_i0.28_m0.05_lv3.gosnet
0.28,0.05,260,0.35,0.6,0,3,10292,12,2,185220,4755198,0.493716,2100,0,38,0.484773,4.230973,1247,60a4606bf64c7441,img_i0.28_m0.05_v1.png,net_i0.28_m0.05_lv3.gosnet
0.28,0.05,420,0.9,1.2,0.3,3,10292,12,2,185220,4755198,0.493716,2100,0,38,0.304353,2.592939,884,60a4606bf64c7441,img_i0.28_m0.05_v2.png,net_i0.28_m0.05_lv3.gosnet
0.28,0.05,760,0.35,2.4,0,3,10292,12,2,185220,4755198,0.493716,2100,0,38,0.155793,1.263380,332,60a4606bf64c7441,img_i0.28_m0.05_v3.png,net_i0.28_m0.05_lv3.gosnet
0.28,0.28,180,0,0,0,3,10292,12,2,185220,4734462,0.491563,2136,0,37,0.244797,1.751194,395,d634d7f430c31453,img_i0.28_m0.28_v0.png,net_i0.28_m0.28_lv3.gosnet
0.28,0.28,260,0.35,0.6,0,3,10292,12,2,185220,4734462,0.491563,2136,0,37,0.425466,3.772421,1201,d634d7f430c31453,img_i0.28_m0.28_v1.png,net_i0.28_m0.28_lv3.gosnet
0.28,0.28,420,0.9,1.2,0.3,3,10292,12,2,185220,4734462,0.491563,2136,0,37,0.241289,2.090204,820,d634d7f430c31453,img_i0.28_m0.28_v2.png,net_i0.28_m0.28_lv3.gosnet
0.28,0.28,760,0.35,2.4,0,3,10292,12,2,185220,4734462,0.491563,2136,0,37,0.113621,0.961068,321,d634d7f430c31453,img_i0.28_m0.28_v3.png,net_i0.28_m0.28_lv3.gosnet
0.28,0.50,180,0,0,0,3,10292,12,2,185220,4720316,0.490095,2136,0,39,0.266418,1.988390,423,f69f54f6d4353825,img_i0.28_m0.50_v0.png,net_i0.28_m0.50_lv3.gosnet
0.28,0.50,260,0.35,0.6,0,3,10292,12,2,185220,4720316,0.490095,2136,0,39,0.466877,4.110083,1226,f69f54f6d4353825,img_i0.28_m0.50_v1.png,net_i0.28_m0.50_lv3.gosnet
0.28,0.50,420,0.9,1.2,0.3,3,10292,12,2,185220,4720316,0.490095,2136,0,39,0.277119,2.386614,827,f69f54f6d4353825,img_i0.28_m0.50_v2.png,net_i0.28_m0.50_lv3.gosnet
0.28,0.50,760,0.35,2.4,0,3,10292,12,2,185220,4720316,0.490095,2136,0,39,0.140874,1.157710,332,f69f54f6d4353825,img_i0.28_m0.50_v3.png,net_i0.28_m0.50_lv3.gosnet
0.28,0.73,180,0,0,0,3,10292,12,2,185220,4737158,0.491843,2136,0,39,0.269719,2.046921,425,d0451fabf511dbf9,img_i0.28_m0.73_v0.png,net_i0.28_m0.73_lv3.gosnet
0.28,0.73,260,0.35,0.6,0,3,10292,12,2,185220,4737158,0.491843,2136,0,39,0.471575,4.177269,1252,d0451fabf511dbf9,img_i0.28_m0.73_v1.png,net_i0.28_m0.73_lv3.gosnet
0.28,0.73,420,0.9,1.2,0.3,3,10292,12,2,185220,4737158,0.491843,2136,0,39,0.281311,2.471921,888,d0451fabf511dbf9,img_i0.28_m0.73_v2.png,net_i0.28_m0.73_lv3.gosnet
0.28,0.73,760,0.35,2.4,0,3,10292,12,2,185220,4737158,0.491843,2136,0,39,0.150166,1.258686,378,d0451fabf511dbf9,img_i0.28_m0.73_v3.png,net_i0.28_m0.73_lv3.gosnet
0.28,0.95,180,0,0,0,3,10292,12,2,185220,4721908,0.490260,2136,0,39,0.309275,2.303268,454,2bb70cef7f83311f,img_i0.28_m0.95_v0.png,net_i0.28_m0.95_lv3.gosnet
0.28,0.95,260,0.35,0.6,0,3,10292,12,2,185220,4721908,0.490260,2136,0,39,0.547856,4.666965,1268,2bb70cef7f83311f,img_i0.28_m0.95_v1.png,net_i0.28_m0.95_lv3.gosnet
0.28,0.95,420,0.9,1.2,0.3,3,10292,12,2,185220,4721908,0.490260,2136,0,39,0.349243,2.866964,905,2bb70cef7f83311f,img_i0.28_m0.95_v2.png,net_i0.28_m0.95_lv3.gosnet
0.28,0.95,760,0.35,2.4,0,3,10292,12,2,185220,4721908,0.490260,2136,0,39,0.192930,1.484444,423,2bb70cef7f83311f,img_i0.28_m0.95_v3.png,net_i0.28_m0.95_lv3.gosnet
0.50,0.05,180,0,0,0,3,10292,12,2,185220,4709752,0.488998,2032,0,40,0.339138,2.461101,464,0a7ad3eef18ded5f,img_i0.50_m0.05_v0.png,net_i0.50_m0.05_lv3.gosnet
0.50,0.05,260,0.35,0.6,0,3,10292,12,2,185220,4709752,0.488998,2032,0,40,0.583777,4.857961,1540,0a7ad3eef18ded5f,img_i0.50_m0.05_v1.png,net_i0.50_m0.05_lv3.gosnet
0.50,0.05,420,0.9,1.2,0.3,3,10292,12,2,185220,4709752,0.488998,2032,0,40,0.388789,3.070412,948,0a7ad3eef18ded5f,img_i0.50_m0.05_v2.png,net_i0.50_m0.05_lv3.gosnet
0.50,0.05,760,0.35,2.4,0,3,10292,12,2,185220,4709752,0.488998,2032,0,40,0.212849,1.549151,357,0a7ad3eef18ded5f,img_i0.50_m0.05_v3.png,net_i0.50_m0.05_lv3.gosnet
0.50,0.28,180,0,0,0,3,10292,12,2,185220,4759146,0.494126,2032,0,39,0.322039,2.353392,474,46a8a8f177a08dbb,img_i0.50_m0.28_v0.png,net_i0.50_m0.28_lv3.gosnet
0.50,0.28,260,0.35,0.6,0,3,10292,12,2,185220,4759146,0.494126,2032,0,39,0.547773,4.594310,1364,46a8a8f177a08dbb,img_i0.50_m0.28_v1.png,net_i0.50_m0.28_lv3.gosnet
0.50,0.28,420,0.9,1.2,0.3,3,10292,12,2,185220,4759146,0.494126,2032,0,39,0.336528,2.703423,867,46a8a8f177a08dbb,img_i0.50_m0.28_v2.png,net_i0.50_m0.28_lv3.gosnet
0.50,0.28,760,0.35,2.4,0,3,10292,12,2,185220,4759146,0.494126,2032,0,39,0.176658,1.328458,336,46a8a8f177a08dbb,img_i0.50_m0.28_v3.png,net_i0.50_m0.28_lv3.gosnet
0.50,0.50,180,0,0,0,3,10292,12,2,185220,4734578,0.491575,2068,0,40,0.255583,1.937166,451,5a7e1177ba70b1b1,img_i0.50_m0.50_v0.png,net_i0.50_m0.50_lv3.gosnet
0.50,0.50,260,0.35,0.6,0,3,10292,12,2,185220,4734578,0.491575,2068,0,40,0.439280,3.890477,1379,5a7e1177ba70b1b1,img_i0.50_m0.50_v1.png,net_i0.50_m0.50_lv3.gosnet
0.50,0.50,420,0.9,1.2,0.3,3,10292,12,2,185220,4734578,0.491575,2068,0,40,0.243672,2.109917,803,5a7e1177ba70b1b1,img_i0.50_m0.50_v2.png,net_i0.50_m0.50_lv3.gosnet
0.50,0.50,760,0.35,2.4,0,3,10292,12,2,185220,4734578,0.491575,2068,0,40,0.118860,0.998118,328,5a7e1177ba70b1b1,img_i0.50_m0.50_v3.png,net_i0.50_m0.50_lv3.gosnet
0.50,0.73,180,0,0,0,3,10292,12,2,185220,4734734,0.491591,2068,0,39,0.271726,2.104352,475,f9ca1ae442692761,img_i0.50_m0.73_v0.png,net_i0.50_m0.73_lv3.gosnet
0.50,0.73,260,0.35,0.6,0,3,10292,12,2,185220,4734734,0.491591,2068,0,39,0.472266,4.153972,1387,f9ca1ae442692761,img_i0.50_m0.73_v1.png,net_i0.50_m0.73_lv3.gosnet
0.50,0.73,420,0.9,1.2,0.3,3,10292,12,2,185220,4734734,0.491591,2068,0,39,0.280269,2.400574,858,f9ca1ae442692761,img_i0.50_m0.73_v2.png,net_i0.50_m0.73_lv3.gosnet
0.50,0.73,760,0.35,2.4,0,3,10292,12,2,185220,4734734,0.491591,2068,0,39,0.149919,1.198848,368,f9ca1ae442692761,img_i0.50_m0.73_v3.png,net_i0.50_m0.73_lv3.gosnet
0.50,0.95,180,0,0,0,3,10292,12,2,185220,4710388,0.489064,2068,0,37,0.301399,2.300441,478,edc20dcddb0ccbd1,img_i0.50_m0.95_v0.png,net_i0.50_m0.95_lv3.gosnet
0.50,0.95,260,0.35,0.6,0,3,10292,12,2,185220,4710388,0.489064,2068,0,37,0.536946,4.556434,1374,edc20dcddb0ccbd1,img_i0.50_m0.95_v1.png,net_i0.50_m0.95_lv3.gosnet
0.50,0.95,420,0.9,1.2,0.3,3,10292,12,2,185220,4710388,0.489064,2068,0,37,0.331311,2.682143,894,edc20dcddb0ccbd1,img_i0.50_m0.95_v2.png,net_i0.50_m0.95_lv3.gosnet
0.50,0.95,760,0.35,2.4,0,3,10292,12,2,185220,4710388,0.489064,2068,0,37,0.186011,1.371222,372,edc20dcddb0ccbd1,img_i0.50_m0.95_v3.png,net_i0.50_m0.95_lv3.gosnet
0.73,0.05,180,0,0,0,3,10292,12,2,185220,4722786,0.490351,1980,0,38,0.407683,2.863505,581,377d60ecc443e5f5,img_i0.73_m0.05_v0.png,net_i0.73_m0.05_lv3.gosnet
0.73,0.05,260,0.35,0.6,0,3,10292,12,2,185220,4722786,0.490351,1980,0,38,0.690571,5.463680,1936,377d60ecc443e5f5,img_i0.73_m0.05_v1.png,net_i0.73_m0.05_lv3.gosnet
0.73,0.05,420,0.9,1.2,0.3,3,10292,12,2,185220,4722786,0.490351,1980,0,38,0.474558,3.506099,1036,377d60ecc443e5f5,img_i0.73_m0.05_v2.png,net_i0.73_m0.05_lv3.gosnet
0.73,0.05,760,0.35,2.4,0,3,10292,12,2,185220,4722786,0.490351,1980,0,38,0.282007,1.854527,425,377d60ecc443e5f5,img_i0.73_m0.05_v3.png,net_i0.73_m0.05_lv3.gosnet
0.73,0.28,180,0,0,0,3,10292,12,2,185220,4705542,0.488561,1980,0,37,0.391184,2.752634,586,2edc1fcd7c46d6af,img_i0.73_m0.28_v0.png,net_i0.73_m0.28_lv3.gosnet
0.73,0.28,260,0.35,0.6,0,3,10292,12,2,185220,4705542,0.488561,1980,0,37,0.654180,5.170310,1756,2edc1fcd7c46d6af,img_i0.73_m0.28_v1.png,net_i0.73_m0.28_lv3.gosnet
0.73,0.28,420,0.9,1.2,0.3,3,10292,12,2,185220,4705542,0.488561,1980,0,37,0.419280,3.087429,950,2edc1fcd7c46d6af,img_i0.73_m0.28_v2.png,net_i0.73_m0.28_lv3.gosnet
0.73,0.28,760,0.35,2.4,0,3,10292,12,2,185220,4705542,0.488561,1980,0,37,0.241868,1.599250,380,2edc1fcd7c46d6af,img_i0.73_m0.28_v3.png,net_i0.73_m0.28_lv3.gosnet
0.73,0.50,180,0,0,0,3,10292,12,2,185220,4713862,0.489424,1980,0,37,0.324636,2.440838,542,7d84a8f28a3c3b85,img_i0.73_m0.50_v0.png,net_i0.73_m0.50_lv3.gosnet
0.73,0.50,260,0.35,0.6,0,3,10292,12,2,185220,4713862,0.489424,1980,0,37,0.563003,4.680010,1582,7d84a8f28a3c3b85,img_i0.73_m0.50_v1.png,net_i0.73_m0.50_lv3.gosnet
0.73,0.50,420,0.9,1.2,0.3,3,10292,12,2,185220,4713862,0.489424,1980,0,37,0.340469,2.661082,888,7d84a8f28a3c3b85,img_i0.73_m0.50_v2.png,net_i0.73_m0.50_lv3.gosnet
0.73,0.50,760,0.35,2.4,0,3,10292,12,2,185220,4713862,0.489424,1980,0,37,0.197156,1.371886,358,7d84a8f28a3c3b85,img_i0.73_m0.50_v3.png,net_i0.73_m0.50_lv3.gosnet
0.73,0.73,180,0,0,0,3,10292,12,2,185220,4741048,0.492247,1980,0,37,0.237341,1.886083,455,b4cacc143d5435cd,img_i0.73_m0.73_v0.png,net_i0.73_m0.73_lv3.gosnet
0.73,0.73,260,0.35,0.6,0,3,10292,12,2,185220,4741048,0.492247,1980,0,37,0.424976,3.847289,1547,b4cacc143d5435cd,img_i0.73_m0.73_v1.png,net_i0.73_m0.73_lv3.gosnet
0.73,0.73,420,0.9,1.2,0.3,3,10292,12,2,185220,4741048,0.492247,1980,0,37,0.232852,2.081649,849,b4cacc143d5435cd,img_i0.73_m0.73_v2.png,net_i0.73_m0.73_lv3.gosnet
0.73,0.73,760,0.35,2.4,0,3,10292,12,2,185220,4741048,0.492247,1980,0,37,0.127908,1.050114,324,b4cacc143d5435cd,img_i0.73_m0.73_v3.png,net_i0.73_m0.73_lv3.gosnet
0.73,0.95,180,0,0,0,3,10292,12,2,185220,4729384,0.491036,1980,0,37,0.255476,2.055002,451,6692d07e2db8cefb,img_i0.73_m0.95_v0.png,net_i0.73_m0.95_lv3.gosnet
0.73,0.95,260,0.35,0.6,0,3,10292,12,2,185220,4729384,0.491036,1980,0,37,0.465459,4.131685,1522,6692d07e2db8cefb,img_i0.73_m0.95_v1.png,net_i0.73_m0.95_lv3.gosnet
0.73,0.95,420,0.9,1.2,0.3,3,10292,12,2,185220,4729384,0.491036,1980,0,37,0.278923,2.376011,885,6692d07e2db8cefb,img_i0.73_m0.95_v2.png,net_i0.73_m0.95_lv3.gosnet
0.73,0.95,760,0.35,2.4,0,3,10292,12,2,185220,4729384,0.491036,1980,0,37,0.166516,1.256978,360,6692d07e2db8cefb,img_i0.73_m0.95_v3.png,net_i0.73_m0.95_lv3.gosnet
0.95,0.05,180,0,0,0,3,10292,12,2,185220,4685630,0.486493,2168,0,38,0.365852,2.626219,660,010eb964a2d40ded,img_i0.95_m0.05_v0.png,net_i0.95_m0.05_lv3.gosnet
0.95,0.05,260,0.35,0.6,0,3,10292,12,2,185220,4685630,0.486493,2168,0,38,0.681394,5.467437,2708,010eb964a2d40ded,img_i0.95_m0.05_v1.png,net_i0.95_m0.05_lv3.gosnet
0.95,0.05,420,0.9,1.2,0.3,3,10292,12,2,185220,4685630,0.486493,2168,0,38,0.512693,3.791180,1318,010eb964a2d40ded,img_i0.95_m0.05_v2.png,net_i0.95_m0.05_lv3.gosnet
0.95,0.05,760,0.35,2.4,0,3,10292,12,2,185220,4685630,0.486493,2168,0,38,0.320510,2.083385,503,010eb964a2d40ded,img_i0.95_m0.05_v3.png,net_i0.95_m0.05_lv3.gosnet
0.95,0.28,180,0,0,0,3,10292,12,2,185220,4713462,0.489383,2168,0,38,0.337043,2.476152,658,2a1bbc860229ad23,img_i0.95_m0.28_v0.png,net_i0.95_m0.28_lv3.gosnet
0.95,0.28,260,0.35,0.6,0,3,10292,12,2,185220,4713462,0.489383,2168,0,38,0.632485,5.115906,2433,2a1bbc860229ad23,img_i0.95_m0.28_v1.png,net_i0.95_m0.28_lv3.gosnet
0.95,0.28,420,0.9,1.2,0.3,3,10292,12,2,185220,4713462,0.489383,2168,0,38,0.448997,3.301051,1176,2a1bbc860229ad23,img_i0.95_m0.28_v2.png,net_i0.95_m0.28_lv3.gosnet
0.95,0.28,760,0.35,2.4,0,3,10292,12,2,185220,4713462,0.489383,2168,0,38,0.290474,1.805316,460,2a1bbc860229ad23,img_i0.95_m0.28_v3.png,net_i0.95_m0.28_lv3.gosnet
0.95,0.50,180,0,0,0,3,10292,12,2,185220,4714326,0.489473,2168,0,38,0.269021,2.097232,626,6660d0f7d2bc17e7,img_i0.95_m0.50_v0.png,net_i0.95_m0.50_lv3.gosnet
0.95,0.50,260,0.35,0.6,0,3,10292,12,2,185220,4714326,0.489473,2168,0,38,0.511873,4.395252,2275,6660d0f7d2bc17e7,img_i0.95_m0.50_v1.png,net_i0.95_m0.50_lv3.gosnet
0.95,0.50,420,0.9,1.2,0.3,3,10292,12,2,185220,4714326,0.489473,2168,0,38,0.342229,2.724989,1094,6660d0f7d2bc17e7,img_i0.95_m0.50_v2.png,net_i0.95_m0.50_lv3.gosnet
0.95,0.50,760,0.35,2.4,0,3,10292,12,2,185220,4714326,0.489473,2168,0,38,0.227112,1.519886,404,6660d0f7d2bc17e7,img_i0.95_m0.50_v3.png,net_i0.95_m0.50_lv3.gosnet
0.95,0.73,180,0,0,0,3,10292,12,2,185220,4688150,0.486755,2168,0,39,0.204744,1.689303,586,40ebb890d987e12f,img_i0.95_m0.73_v0.png,net_i0.95_m0.73_lv3.gosnet
0.95,0.73,260,0.35,0.6,0,3,10292,12,2,185220,4688150,0.486755,2168,0,39,0.399275,3.631365,2222,40ebb890d987e12f,img_i0.95_m0.73_v1.png,net_i0.95_m0.73_lv3.gosnet
0.95,0.73,420,0.9,1.2,0.3,3,10292,12,2,185220,4688150,0.486755,2168,0,39,0.255779,2.221118,1078,40ebb890d987e12f,img_i0.95_m0.73_v2.png,net_i0.95_m0.73_lv3.gosnet
0.95,0.73,760,0.35,2.4,0,3,10292,12,2,185220,4688150,0.486755,2168,0,39,0.166377,1.231369,384,40ebb890d987e12f,img_i0.95_m0.73_v3.png,net_i0.95_m0.73_lv3.gosnet
0.95,0.95,180,0,0,0,3,10292,12,2,185220,4692654,0.487222,2168,0,38,0.127400,1.091106,451,68d858199ab5d611,img_i0.95_m0.95_v0.png,net_i0.95_m0.95_lv3.gosnet
0.95,0.95,260,0.35,0.6,0,3,10292,12,2,185220,4692654,0.487222,2168,0,38,0.242471,2.380987,1725,68d858199ab5d611,img_i0.95_m0.95_v1.png,net_i0.95_m0.95_lv3.gosnet
0.95,0.95,420,0.9,1.2,0.3,3,10292,12,2,185220,4692654,0.487222,2168,0,38,0.124429,1.308932,955,68d858199ab5d611,img_i0.95_m0.95_v2.png,net_i0.95_m0.95_lv3.gosnet
0.95,0.95,760,0.35,2.4,0,3,10292,12,2,185220,4692654,0.487222,2168,0,38,0.067737,0.703842,391,68d858199ab5d611,img_i0.95_m0.95_v3.png,net_i0.95_m0.95_lv3.gosnet
