wavelength_um,reflectance,emissivity
0.7539579632,0.1928830336,0.8071169664
0.7575212897,0.1780847548,0.8219152452
0.7610846162,0.1830228201,0.8169771799
0.7646479427,0.2073630294,0.7926369706
0.7682112692,0.2469923522,0.7530076478
0.7717745957,0.2957603792,0.7042396208
0.7753379222,0.347567481,0.652432519
0.7789012487,0.3977059004,0.6022940996
0.7824645751,0.4432158041,0.5567841959
0.7860279016,0.4826125754,0.5173874246
0.7895912281,0.515410491,0.484589509
0.7931545546,0.5416907147,0.4583092853
0.7967178811,0.5617933164,0.4382066836
0.8002812076,0.5761263984,0.4238736016
0.8038445341,0.5850593117,0.4149406883
0.8074078606,0.5888683277,0.4111316723
0.810971187,0.5877122221,0.4122877779
0.8145345135,0.5816241115,0.4183758885
0.81809784,0.5705126577,0.4294873423
0.8216611665,0.5541707672,0.4458292328
0.825224493,0.5322940552,0.4677059448
0.8287878195,0.5045154481,0.4954845519
0.832351146,0.4704668516,0.5295331484
0.8359144725,0.4298835088,0.5701164912
0.8394777989,0.3827694709,0.6172305291
0.8430411254,0.3296382093,0.6703617907
0.8466044519,0.2718209076,0.7281790924
0.8501677784,0.2117840766,0.7882159234
0.8537311049,0.1533158301,0.8466841699
0.8572944314,0.1013622812,0.8986377188
0.8608577579,0.06131752532,0.9386824747
0.8644210844,0.03779781918,0.9622021808
0.8679844108,0.03331661917,0.9666833808
0.8715477373,0.04751652092,0.9524834791
0.8751110638,0.07738597658,0.9226140234
0.8786743903,0.1183033829,0.8816966171
0.8822377168,0.1653187868,0.8346812132
0.8858010433,0.2141246826,0.7858753174
0.8893643698,0.261508991,0.738491009
0.8929276963,0.3053819462,0.6946180538
0.8964910227,0.3445746025,0.6554253975
0.9000543492,0.3785731745,0.6214268255
0.9036176757,0.4072794683,0.5927205317
0.9071810022,0.430829003,0.569170997
0.9107443287,0.4494667778,0.5505332222
0.9143076552,0.463468788,0.536531212
0.9178709817,0.4730958313,0.5269041687
0.9214343082,0.4785685507,0.5214314493
0.9249976346,0.480055863,0.519944137
0.9285609611,0.477671738,0.522328262
0.9321242876,0.4714774445,0.5285225555
0.9356876141,0.4614879507,0.5385120493
0.9392509406,0.4476823368,0.5523176632
0.9428142671,0.4300189801,0.5699810199
0.9463775936,0.4084570069,0.5915429931
0.94994092,0.3829860398,0.6170139602
0.9535042465,0.3536664616,0.6463335384
0.957067573,0.3206819383,0.6793180617
0.9606308995,0.2844042404,0.7155957596
0.964194226,0.2454667818,0.7545332182
0.9677575525,0.2048371658,0.7951628342
0.971320879,0.1638706132,0.8361293868
0.9748842055,0.1243174998,0.8756825002
0.9784475319,0.08825425446,0.9117457455
0.9820108584,0.05791473195,0.942085268
0.9855741849,0.03542450591,0.9645754941
0.9891375114,0.02248044771,0.9775195523
0.9927008379,0.02005594839,0.9799440516
0.9962641644,0.02822335032,0.9717766497
0.9998274909,0.04615409557,0.9538459044
1.003390817,0.07229446798,0.927705532
1.006954144,0.1046540567,0.8953459433
1.01051747,0.1411168804,0.8588831196
1.014080797,0.1796988158,0.8203011842
1.017644123,0.2187124978,0.7812875022
1.02120745,0.2568384021,0.7431615979
1.024770776,0.2931238691,0.7068761309
1.028334103,0.3269386374,0.6730613626
1.031897429,0.3579116224,0.6420883776
1.035460756,0.3858657759,0.6141342241
1.039024082,0.4107602236,0.5892397764
1.042587409,0.4326433086,0.5673566914
1.046150735,0.4516168197,0.5483831803
1.049714062,0.467810044,0.532189956
1.053277388,0.4813617212,0.5186382788
1.056840715,0.4924079943,0.5075920057
1.060404041,0.5010747246,0.4989252754
1.063967368,0.5074728801,0.4925271199
1.067530694,0.5116960379,0.4883039621
1.071094021,0.5138193146,0.4861806854
1.074657347,0.5138992584,0.4861007416
1.078220674,0.5119744086,0.4880255914
1.081784,0.5080663549,0.4919336451
1.085347327,0.5021812328,0.4978187672
1.088910653,0.4943116711,0.5056883289
1.09247398,0.4844392807,0.5155607193
1.096037306,0.4725378322,0.5274621678
1.099600633,0.458577333,0.541422667
1.103163959,0.4425292617,0.5574707383
1.106727285,0.4243732601,0.5756267399
1.110290612,0.4041055992,0.5958944008
1.113853938,0.3817497084,0.6182502916
1.117417265,0.3573689617,0.6426310383
1.120980591,0.3310817072,0.6689182928
1.124543918,0.3030781715,0.6969218285
1.128107244,0.2736383185,0.7263616815
1.131670571,0.2431489945,0.7568510055
1.135233897,0.2121177785,0.7878822215
1.138797224,0.1811800303,0.8188199697
1.14236055,0.1510949697,0.8489050303
1.145923877,0.1227266259,0.8772733741
1.149487203,0.09700663904,0.902993361
1.15305053,0.07487847235,0.9251215276
1.156613856,0.05722651269,0.9427734873
1.160177183,0.04479803848,0.9552019615
1.163740509,0.03812974201,0.961870258
1.167303836,0.03749181074,0.9625081893
1.170867162,0.04286044099,0.957139559
1.174430489,0.05392424927,0.9460757507
1.177993815,0.07012291915,0.9298770808
1.181557142,0.09070990382,0.9092900962
1.185120468,0.1148271218,0.8851728782
1.188683795,0.1415791831,0.8584208169
1.192247121,0.1700972391,0.8299027609
1.195810448,0.1995866654,0.8004133346
1.199373774,0.2293569611,0.7706430389
1.202937101,0.258835435,0.741164565
1.206500427,0.2875680687,0.7124319313
1.210063754,0.3152115162,0.6847884838
1.21362708,0.3415199091,0.6584800909
1.217190407,0.3663293978,0.6336706022
1.220753733,0.3895425041,0.6104574959
1.22431706,0.4111135781,0.5888864219
1.227880386,0.431036042,0.568963958
1.231443713,0.4493316661,0.5506683339
1.235007039,0.4660418541,0.5339581459
1.238570366,0.4812207536,0.5187792464
1.242133692,0.4949299439,0.5050700561
1.245697019,0.507234433,0.492765567
1.249260345,0.5181997116,0.4818002884
1.252823671,0.5278896394,0.4721103606
1.256386998,0.5363649747,0.4636350253
1.259950324,0.5436823924,0.4563176076
1.263513651,0.5498938663,0.4501061337
1.267076977,0.5550463185,0.4449536815
1.270640304,0.5591814616,0.4408185384
1.27420363,0.5623357779,0.4376642221
1.277766957,0.5645405926,0.4354594074
1.281330283,0.5658222115,0.4341777885
1.28489361,0.5662021019,0.4337978981
1.288456936,0.5656971008,0.4343028992
1.292020263,0.5643196438,0.4356803562
1.295583589,0.5620780083,0.4379219917
1.299146916,0.5589765705,0.4410234295
1.302710242,0.5550160787,0.4449839213
1.306273569,0.550193947,0.449806053
1.309836895,0.5445045754,0.4554954246
1.313400222,0.5379397075,0.4620602925
1.316963548,0.530488834,0.469511166
1.320526875,0.5221396571,0.4778603429
1.324090201,0.5128786301,0.4871213699
1.327653528,0.5026915882,0.4973084118
1.331216854,0.4915644897,0.5084355103
1.334780181,0.4794842869,0.5205157131
1.338343507,0.466439946,0.533560054
1.341906834,0.4524236352,0.5475763648
1.34547016,0.437432099,0.562567901
1.349033487,0.4214682305,0.5785317695
1.352596813,0.4045428491,0.5954571509
1.35616014,0.3866766774,0.6133233226
1.359723466,0.3679025003,0.6320974997
1.363286793,0.3482674659,0.6517325341
1.366850119,0.3278354666,0.6721645334
1.370413446,0.3066895059,0.6933104941
1.373976772,0.284933924,0.715066076
1.377540099,0.2626963192,0.7373036808
1.381103425,0.2401289651,0.7598710349
1.384666752,0.2174094974,0.7825905026
1.388230078,0.1947406259,0.8052593741
1.391793404,0.1723486332,0.8276513668
1.395356731,0.1504804531,0.8495195469
1.398920057,0.1293991891,0.8706008109
1.402483384,0.109378036,0.890621964
1.40604671,0.09069270814,0.9093072919
1.409610037,0.07361263477,0.9263873652
1.413173363,0.05839135433,0.9416086457
1.41673669,0.04525668641,0.9547433136
1.420300016,0.03440136391,0.9655986361
1.423863343,0.02597484267,0.9740251573
1.427426669,0.02007695532,0.9799230447
1.430989996,0.01675393968,0.9832460603
1.434553322,0.01599716414,0.9840028359
1.438116649,0.01774462089,0.9822553791
1.441679975,0.02188500052,0.9781149995
1.445243302,0.02826393546,0.9717360645
1.448806628,0.03669183608,0.9633081639
1.452369955,0.04695265893,0.9530473411
1.455933281,0.05881294456,0.9411870554
1.459496608,0.07203053042,0.9279694696
1.463059934,0.08636246317,0.9136375368
1.466623261,0.1015717789,0.8984282211
1.470186587,0.1174329668,0.8825670332
1.473749914,0.1337360662,0.8662639338
1.47731324,0.1502894499,0.8497105501
1.480876567,0.1669214269,0.8330785731
1.484439893,0.18348084,0.81651916
1.48800322,0.1998368541,0.8001631459
1.491566546,0.2158781286,0.7841218714
1.495129873,0.231511556,0.768488444
1.498693199,0.2466607194,0.7533392806
1.502256526,0.2612641999,0.7387358001
1.505819852,0.2752738342,0.7247261658
1.509383179,0.2886529982,0.7113470018
1.512946505,0.3013749703,0.6986250297
1.516509832,0.3134214091,0.6865785909
1.520073158,0.3247809658,0.6752190342
1.523636485,0.3354480407,0.6645519593
1.527199811,0.3454216838,0.6545783162
1.530763137,0.3547046353,0.6452953647
1.534326464,0.3633024969,0.6366975031
1.53788979,0.3712230232,0.6287769768
1.541453117,0.3784755222,0.6215244778
1.545016443,0.385070351,0.614929649
1.54857977,0.3910184975,0.6089815025
1.552143096,0.3963312347,0.6036687653
1.555706423,0.4010198398,0.5989801602
1.559269749,0.4050953675,0.5949046325
1.562833076,0.4085684703,0.5914315297
1.566396402,0.4114492585,0.5885507415
1.569959729,0.4137471942,0.5862528058
1.573523055,0.4154710146,0.5845289854
1.577086382,0.4166286796,0.5833713204
1.580649708,0.4172273407,0.5827726593
1.584213035,0.4172733284,0.5827266716
1.587776361,0.4167721558,0.5832278442
1.591339688,0.4157285374,0.5842714626
1.594903014,0.4141464206,0.5858535794
1.598466341,0.4120290304,0.5879709696
1.602029667,0.4093789265,0.5906210735
1.605592994,0.406198073,0.593801927
1.60915632,0.4024879205,0.5975120795
1.612719647,0.3982495021,0.6017504979
1.616282973,0.3934835435,0.6065164565
1.6198463,0.3881905885,0.6118094115
1.623409626,0.3823711417,0.6176288583
1.626972953,0.3760258289,0.6239741711
1.630536279,0.3691555777,0.6308444223
1.634099606,0.3617618206,0.6382381794
1.637662932,0.3538467201,0.6461532799
1.641226259,0.3454134203,0.6545865797
1.644789585,0.3364663243,0.6635336757
1.648352912,0.3270114007,0.6729885993
1.651916238,0.3170565176,0.6829434824
1.655479565,0.3066118075,0.6933881925
1.659042891,0.2956900597,0.7043099403
1.662606218,0.2843071409,0.7156928591
1.666169544,0.2724824397,0.7275175603
1.669732871,0.2602393322,0.7397606678
1.673296197,0.2476056601,0.7523943399
1.676859523,0.2346142159,0.7653857841
1.68042285,0.2213032214,0.7786967786
1.683986176,0.2077167872,0.7922832128
1.687549503,0.1939053355,0.8060946645
1.691112829,0.1799259677,0.8200740323
1.694676156,0.1658427518,0.8341572482
1.698239482,0.1517269058,0.8482730942
1.701802809,0.1376568489,0.8623431511
1.705366135,0.1237180912,0.8762819088
1.708929462,0.1100029344,0.8899970656
1.712492788,0.09660995633,0.9033900437
1.716056115,0.08364325564,0.9163567444
1.719619441,0.07121144237,0.9287885576
1.723182768,0.05942636461,0.9405736354
1.726746094,0.04840157598,0.951598424
1.730309421,0.0382505605,0.9617494395
1.733872747,0.02908474684,0.9709152532
1.737436074,0.02101135977,0.9789886402
1.7409994,0.01413117172,0.9858688283
1.744562727,0.008536231008,0.991463769
1.748126053,0.004307653726,0.9956923463
1.75168938,0.001513571853,0.9984864281
1.755252706,0.0002073304323,0.9997926696
1.758816033,0.0004260203803,0.9995739796
1.762379359,0.002189420955,0.997810579
1.765942686,0.005499407566,0.9945005924
1.769506012,0.01033985768,0.9896601423
1.773069339,0.01667706189,0.9833229381
1.776632665,0.02446062082,0.9755393792
1.780195992,0.03362478367,0.9663752163
1.783759318,0.04409016284,0.9559098372
1.787322645,0.05576574287,0.9442342571
1.790885971,0.06855109192,0.9314489081
1.794449298,0.08233868048,0.9176613195
1.798012624,0.09701621466,0.9029837853
1.801575951,0.1124688997,0.8875311003
1.805139277,0.1285815612,0.8714184388
1.808702604,0.1452405677,0.8547594323
1.81226593,0.162335512,0.837664488
1.815829256,0.1797606279,0.8202393721
1.819392583,0.1974159323,0.8025840677
1.822955909,0.2152080938,0.7847919062
1.826519236,0.2330510446,0.7669489554
1.830082562,0.2508663541,0.7491336459
1.833645889,0.2685833929,0.7314166071
1.837209215,0.2861393168,0.7138606832
1.840772542,0.3034789006,0.6965210994
1.844335868,0.3205542529,0.6794457471
1.847899195,0.3373244401,0.6626755599
1.851462521,0.3537550443,0.6462449557
1.855025848,0.3698176797,0.6301823203
1.858589174,0.3854894841,0.6145105159
1.862152501,0.4007526043,0.5992473957
1.865715827,0.4155936857,0.5844063143
1.869279154,0.4300033782,0.5699966218
1.87284248,0.4439758637,0.5560241363
1.876405807,0.4575084125,0.5424915875
1.879969133,0.4706009698,0.5293990302
1.88353246,0.4832557767,0.5167442233
1.887095786,0.4954770229,0.5045229771
1.890659113,0.5072705346,0.4927294654
1.894222439,0.5186434932,0.4813565068
1.897785766,0.5296041857,0.4703958143
1.901349092,0.5401617838,0.4598382162
1.904912419,0.5503261496,0.4496738504
1.908475745,0.560107666,0.439892334
1.912039072,0.5695170899,0.4304829101
1.915602398,0.5785654256,0.4214345744
1.919165725,0.5872638164,0.4127361836
1.922729051,0.5956234521,0.4043765479
1.926292378,0.6036554919,0.3963445081
1.929855704,0.6113709992,0.3886290008
1.933419031,0.6187808883,0.3812191117
1.936982357,0.6258958797,0.3741041203
1.940545684,0.6327264657,0.3672735343
1.94410901,0.6392828819,0.3607171181
1.947672337,0.6455750855,0.3544249145
1.951235663,0.6516127395,0.3483872605
1.954798989,0.6574052009,0.3425947991
1.958362316,0.662961513,0.337038487
1.961925642,0.6682904016,0.3317095984
1.965488969,0.6734002733,0.3265997267
1.969052295,0.6782992162,0.3217007838
1.972615622,0.6829950029,0.3170049971
1.976178948,0.687495095,0.312504905
1.979742275,0.6918066484,0.3081933516
1.983305601,0.6959365203,0.3040634797
1.986868928,0.6998912761,0.3001087239
1.990432254,0.7036771978,0.2963228022
1.993995581,0.7073002925,0.2926997075
1.997558907,0.7107663008,0.2892336992
2.001122234,0.7140807059,0.2859192941
2.00468556,0.7172487424,0.2827512576
2.008248887,0.7202754057,0.2797245943
2.011812213,0.7231654605,0.2768345395
2.01537554,0.7259234498,0.2740765502
2.018938866,0.7285537038,0.2714462962
2.022502193,0.7310603477,0.2689396523
2.026065519,0.7334473109,0.2665526891
2.029628846,0.7357183341,0.2642816659
2.033192172,0.7378769778,0.2621230222
2.036755499,0.7399266294,0.2600733706
2.040318825,0.7418705105,0.2581294895
2.043882152,0.743711684,0.256288316
2.047445478,0.7454530605,0.2545469395
2.051008805,0.7470974051,0.2529025949
2.054572131,0.7486473433,0.2513526567
2.058135458,0.7501053669,0.2498946331
2.061698784,0.7514738396,0.2485261604
2.065262111,0.7527550025,0.2472449975
2.068825437,0.7539509791,0.2460490209
2.072388764,0.7550637802,0.2449362198
2.07595209,0.7560953084,0.2439046916
2.079515417,0.757047363,0.242952637
2.083078743,0.7579216435,0.2420783565
2.08664207,0.7587197542,0.2412802458
2.090205396,0.7594432076,0.2405567924
2.093768723,0.7600934284,0.2399065716
2.097332049,0.7606717564,0.2393282436
2.100895375,0.7611794504,0.2388205496
2.104458702,0.7616176905,0.2383823095
2.108022028,0.761987582,0.238012418
2.111585355,0.7622901572,0.2377098428
2.115148681,0.7625263786,0.2374736214
2.118712008,0.7626971413,0.2373028587
2.122275334,0.7628032754,0.2371967246
2.125838661,0.7628455479,0.2371544521
2.129401987,0.7628246655,0.2371753345
2.132965314,0.7627412757,0.2372587243
2.13652864,0.7625959697,0.2374040303
2.140091967,0.7623892833,0.2376107167
2.143655293,0.7621216992,0.2378783008
2.14721862,0.7617936483,0.2382063517
2.150781946,0.7614055116,0.2385944884
2.154345273,0.7609576212,0.2390423788
2.157908599,0.7604502619,0.2395497381
2.161471926,0.7598836726,0.2401163274
2.165035252,0.7592580472,0.2407419528
2.168598579,0.7585735363,0.2414264637
2.172161905,0.7578302479,0.2421697521
2.175725232,0.7570282485,0.2429717515
2.179288558,0.7561675642,0.2438324358
2.182851885,0.755248182,0.244751818
2.186415211,0.7542700499,0.2457299501
2.189978538,0.7532330785,0.2467669215
2.193541864,0.7521371418,0.2478628582
2.197105191,0.7509820774,0.2490179226
2.200668517,0.7497676881,0.2502323119
2.204231844,0.748493742,0.251506258
2.20779517,0.7471599738,0.2528400262
2.211358497,0.7457660849,0.2542339151
2.214921823,0.7443117447,0.2556882553
2.21848515,0.7427965908,0.2572034092
2.222048476,0.74122023,0.25877977
2.225611803,0.7395822389,0.2604177611
2.229175129,0.7378821645,0.2621178355
2.232738456,0.7361195249,0.2638804751
2.236301782,0.73429381,0.26570619
2.239865108,0.7324044823,0.2675955177
2.243428435,0.7304509773,0.2695490227
2.246991761,0.7284327046,0.2715672954
2.250555088,0.7263490483,0.2736509517
2.254118414,0.7241993681,0.2758006319
2.257681741,0.7219829996,0.2780170004
2.261245067,0.7196992557,0.2803007443
2.264808394,0.7173474272,0.2826525728
2.26837172,0.7149267835,0.2850732165
2.271935047,0.7124365739,0.2875634261
2.275498373,0.7098760285,0.2901239715
2.2790617,0.7072443591,0.2927556409
2.282625026,0.7045407606,0.2954592394
2.286188353,0.7017644117,0.2982355883
2.289751679,0.698914477,0.301085523
2.293315006,0.6959901074,0.3040098926
2.296878332,0.6929904423,0.3070095577
2.300441659,0.6899146104,0.3100853896
2.304004985,0.6867617321,0.3132382679
2.307568312,0.6835309205,0.3164690795
2.311131638,0.6802212837,0.3197787163
2.314694965,0.6768319265,0.3231680735
2.318258291,0.6733619525,0.3266380475
2.321821618,0.6698104663,0.3301895337
2.325384944,0.666176576,0.333823424
2.328948271,0.6624593952,0.3375406048
2.332511597,0.6586580462,0.3413419538
2.336074924,0.6547716623,0.3452283377
2.33963825,0.650799391,0.349200609
2.343201577,0.6467403971,0.3532596029
2.346764903,0.6425938657,0.3574061343
2.35032823,0.6383590061,0.3616409939
2.353891556,0.6340350549,0.3659649451
2.357454883,0.6296212804,0.3703787196
2.361018209,0.6251169864,0.3748830136
2.364581536,0.6205215163,0.3794784837
2.368144862,0.6158342578,0.3841657422
2.371708189,0.6110546475,0.3889453525
2.375271515,0.6061821757,0.3938178243
2.378834841,0.6012163916,0.3987836084
2.382398168,0.5961569085,0.4038430915
2.385961494,0.5910034096,0.4089965904
2.389524821,0.5857556536,0.4142443464
2.393088147,0.5804134804,0.4195865196
2.396651474,0.574976818,0.425023182
2.4002148,0.569445688,0.430554312
2.403778127,0.5638202131,0.4361797869
2.407341453,0.5581006232,0.4418993768
2.41090478,0.5522872626,0.4477127374
2.414468106,0.5463805972,0.4536194028
2.418031433,0.5403812217,0.4596187783
2.421594759,0.534289867,0.465710133
2.425158086,0.5281074078,0.4718925922
2.428721412,0.5218348699,0.4781651301
2.432284739,0.5154734382,0.4845265618
2.435848065,0.5090244641,0.4909755359
2.439411392,0.5024894733,0.4975105267
2.442974718,0.4958701733,0.5041298267
2.446538045,0.4891684609,0.5108315391
2.450101371,0.4823864297,0.5176135703
2.453664698,0.4755263768,0.5244736232
2.457228024,0.4685908106,0.5314091894
2.460791351,0.4615824564,0.5384175436
2.464354677,0.4545042634,0.5454957366
2.467918004,0.4473594104,0.5526405896
2.47148133,0.4401513107,0.5598486893
2.475044657,0.4328836177,0.5671163823
2.478607983,0.4255602283,0.5744397717
2.48217131,0.4181852868,0.5818147132
2.485734636,0.4107631875,0.5892368125
2.489297963,0.4032985765,0.5967014235
2.492861289,0.3957963528,0.6042036472
2.496424616,0.388261668,0.611738332
2.499987942,0.3806999251,0.6193000749
2.503551269,0.3731167765,0.6268832235
2.507114595,0.3655181202,0.6344818798
2.510677922,0.3579100951,0.6420899049
2.514241248,0.3502990752,0.6497009248
2.517804575,0.3426916613,0.6573083387
2.521367901,0.3350946729,0.6649053271
2.524931227,0.3275151373,0.6724848627
2.528494554,0.3199602779,0.6800397221
2.53205788,0.3124375007,0.6875624993
2.535621207,0.3049543793,0.6950456207
2.539184533,0.2975186388,0.7024813612
2.54274786,0.2901381373,0.7098618627
2.546311186,0.2828208473,0.7171791527
2.549874513,0.2755748343,0.7244251657
2.553437839,0.268408235,0.731591765
2.557001166,0.261329234,0.738670766
2.560564492,0.2543460394,0.7456539606
2.564127819,0.2474668572,0.7525331428
2.567691145,0.2406998647,0.7593001353
2.571254472,0.2340531839,0.7659468161
2.574817798,0.2275348533,0.7724651467
2.578381125,0.2211527997,0.7788472003
2.581944451,0.2149148101,0.7850851899
2.585507778,0.208828503,0.791171497
2.589071104,0.2029012999,0.7970987001
2.592634431,0.1971403975,0.8028596025
2.596197757,0.1915527399,0.8084472601
2.599761084,0.1861449921,0.8138550079
2.60332441,0.1809235142,0.8190764858
2.606887737,0.1758943363,0.8241056637
2.610451063,0.1710631357,0.8289368643
2.61401439,0.1664352146,0.8335647854
2.617577716,0.1620154802,0.8379845198
2.621141043,0.1578084264,0.8421915736
2.624704369,0.1538181171,0.8461818829
2.628267696,0.1500481727,0.8499518273
2.631831022,0.1465017575,0.8534982425
2.635394349,0.1431815699,0.8568184301
2.638957675,0.1400898357,0.8599101643
2.642521002,0.1372283027,0.8627716973
2.646084328,0.134598238,0.865401762
2.649647655,0.1322004283,0.8677995717
2.653210981,0.1300351819,0.8699648181
2.656774308,0.1281023335,0.8718976665
2.660337634,0.1264012508,0.8735987492
2.66390096,0.1249308435,0.8750691565
2.667464287,0.1236895749,0.8763104251
2.671027613,0.1226754742,0.8773245258
2.67459094,0.121886152,0.878113848
2.678154266,0.1213188165,0.8786811835
2.681717593,0.1209702915,0.8790297085
2.685280919,0.1208370358,0.8791629642
2.688844246,0.1209151637,0.8790848363
2.692407572,0.1212004666,0.8787995334
2.695970899,0.1216884347,0.8783115653
2.699534225,0.1223742809,0.8776257191
2.703097552,0.1232529632,0.8767470368
2.706660878,0.1243192088,0.8756807912
2.710224205,0.1255675379,0.8744324621
2.713787531,0.1269922873,0.8730077127
2.717350858,0.1285876337,0.8714123663
2.720914184,0.1303476176,0.8696523824
2.724477511,0.1322661652,0.8677338348
2.728040837,0.1343371113,0.8656628887
2.731604164,0.1365542204,0.8634457796
2.73516749,0.1389112076,0.8610887924
2.738730817,0.1414017587,0.8585982413
2.742294143,0.144019549,0.855980451
2.74585747,0.1467582614,0.8532417386
2.749420796,0.1496116036,0.8503883964
2.752984123,0.1525733237,0.8474266763
2.756547449,0.1556372259,0.8443627741
2.760110776,0.1587971833,0.8412028167
2.763674102,0.1620471519,0.8379528481
2.767237429,0.1653811811,0.8346188189
2.770800755,0.1687934251,0.8312065749
2.774364082,0.1722781522,0.8277218478
2.777927408,0.1758297534,0.8241702466
2.781490735,0.17944275,0.82055725
2.785054061,0.1831117998,0.8168882002
2.788617388,0.1868317033,0.8131682967
2.792180714,0.1905974081,0.8094025919
2.795744041,0.1944040129,0.8055959871
2.799307367,0.1982467707,0.8017532293
2.802870693,0.2021210909,0.7978789091
2.80643402,0.2060225415,0.7939774585
2.809997346,0.2099468493,0.7900531507
2.813560673,0.2138899011,0.7861100989
2.817123999,0.2178477432,0.7821522568
2.820687326,0.2218165804,0.7781834196
2.824250652,0.2257927753,0.7742072247
2.827813979,0.2297728466,0.7702271534
2.831377305,0.2337534671,0.7662465329
2.834940632,0.2377314611,0.7622685389
2.838503958,0.2417038024,0.7582961976
2.842067285,0.2456676106,0.7543323894
2.845630611,0.2496201489,0.7503798511
2.849193938,0.2535588198,0.7464411802
2.852757264,0.2574811623,0.7425188377
2.856320591,0.2613848481,0.7386151519
2.859883917,0.2652676776,0.7347323224
2.863447244,0.2691275762,0.7308724238
2.86701057,0.2729625905,0.7270374095
2.870573897,0.2767708841,0.7232291159
2.874137223,0.2805507338,0.7194492662
2.87770055,0.2843005256,0.7156994744
2.881263876,0.2880187504,0.7119812496
2.884827203,0.2917040003,0.7082959997
2.888390529,0.2953549648,0.7046450352
2.891953856,0.2989704264,0.7010295736
2.895517182,0.3025492572,0.6974507428
2.899080509,0.306090415,0.693909585
2.902643835,0.3095929393,0.6904070607
2.906207162,0.3130559483,0.6869440517
2.909770488,0.3164786346,0.6835213654
2.913333815,0.3198602622,0.6801397378
2.916897141,0.3232001631,0.6767998369
2.920460468,0.3264977337,0.6735022663
2.924023794,0.3297524321,0.6702475679
2.927587121,0.3329637746,0.6670362254
2.931150447,0.3361313328,0.6638686672
2.934713774,0.339254731,0.660745269
2.9382771,0.3423336431,0.6576663569
2.941840426,0.3453677899,0.6546322101
2.945403753,0.3483569366,0.6516430634
2.948967079,0.3513008907,0.6486991093
2.952530406,0.3541994987,0.6458005013
2.956093732,0.3570526449,0.6429473551
2.959657059,0.3598602481,0.6401397519
2.963220385,0.3626222604,0.6373777396
2.966783712,0.3653386648,0.6346613352
2.970347038,0.3680094731,0.6319905269
2.973910365,0.3706347244,0.6293652756
2.977473691,0.373214483,0.626785517
2.981037018,0.3757488371,0.6242511629
2.984600344,0.378237897,0.621762103
2.988163671,0.3806817933,0.6193182067
2.991726997,0.3830806759,0.6169193241
2.995290324,0.3854347125,0.6145652875
2.99885365,0.387744087,0.612255913
3.002416977,0.3900089987,0.6099910013
3.005980303,0.3922296607,0.6077703393
3.00954363,0.3944062991,0.6055937009
3.013106956,0.3965391516,0.6034608484
3.016670283,0.3986284669,0.6013715331
3.020233609,0.4006745034,0.5993254966
3.023796936,0.4026775284,0.5973224716
3.027360262,0.4046378174,0.5953621826
3.030923589,0.406555653,0.593444347
3.034486915,0.4084313244,0.5915686756
3.038050242,0.4102651267,0.5897348733
3.041613568,0.4120573598,0.5879426402
3.045176895,0.4138083284,0.5861916716
3.048740221,0.4155183409,0.5844816591
3.052303548,0.4171877089,0.5828122911
3.055866874,0.4188167471,0.5811832529
3.059430201,0.4204057722,0.5795942278
3.062993527,0.4219551029,0.5780448971
3.066556854,0.4234650591,0.5765349409
3.07012018,0.4249359618,0.5750640382
3.073683507,0.4263681326,0.5736318674
3.077246833,0.4277618934,0.5722381066
3.08081016,0.4291175658,0.5708824342
3.084373486,0.4304354712,0.5695645288
3.087936812,0.4317159302,0.5682840698
3.091500139,0.4329592625,0.5670407375
3.095063465,0.4341657865,0.5658342135
3.098626792,0.4353358193,0.5646641807
3.102190118,0.4364696764,0.5635303236
3.105753445,0.4375676712,0.5624323288
3.109316771,0.4386301154,0.5613698846
3.112880098,0.4396573183,0.5603426817
3.116443424,0.440649587,0.559350413
3.120006751,0.441607226,0.558392774
3.123570077,0.4425305374,0.5574694626
3.127133404,0.4434198205,0.5565801795
3.13069673,0.4442753717,0.5557246283
3.134260057,0.4450974847,0.5549025153
3.137823383,0.4458864501,0.5541135499
3.14138671,0.4466425554,0.5533574446
3.144950036,0.4473660852,0.5526339148
3.148513363,0.4480573208,0.5519426792
3.152076689,0.4487165404,0.5512834596
3.155640016,0.4493440187,0.5506559813
3.159203342,0.4499400273,0.5500599727
3.162766669,0.4505048347,0.5494951653
3.166329995,0.4510387057,0.5489612943
3.169893322,0.4515419021,0.5484580979
3.173456648,0.4520146821,0.5479853179
3.177019975,0.4524573006,0.5475426994
3.180583301,0.4528700094,0.5471299906
3.184146628,0.4532530567,0.5467469433
3.187709954,0.4536066875,0.5463933125
3.191273281,0.4539311434,0.5460688566
3.194836607,0.4542266629,0.5457733371
3.198399934,0.454493481,0.545506519
3.20196326,0.4547318297,0.5452681703
3.205526587,0.4549419376,0.5450580624
3.209089913,0.4551240302,0.5448759698
3.21265324,0.4552783299,0.5447216701
3.216216566,0.4554050558,0.5445949442
3.219779893,0.4555044243,0.5444955757
3.223343219,0.4555766483,0.5444233517
3.226906545,0.4556219381,0.5443780619
3.230469872,0.455640501,0.544359499
3.234033198,0.4556325412,0.5443674588
3.237596525,0.4555982603,0.5444017397
3.241159851,0.455537857,0.544462143
3.244723178,0.4554515272,0.5445484728
3.248286504,0.4553394642,0.5446605358
3.251849831,0.4552018587,0.5447981413
3.255413157,0.4550388988,0.5449611012
3.258976484,0.4548507701,0.5451492299
3.26253981,0.4546376555,0.5453623445
3.266103137,0.454399736,0.545600264
3.269666463,0.4541371897,0.5458628103
3.27322979,0.4538501927,0.5461498073
3.276793116,0.453538919,0.546461081
3.280356443,0.4532035403,0.5467964597
3.283919769,0.452844226,0.547155774
3.287483096,0.4524611438,0.5475388562
3.291046422,0.4520544593,0.5479455407
3.294609749,0.4516243361,0.5483756639
3.298173075,0.4511709361,0.5488290639
3.301736402,0.4506944193,0.5493055807
3.305299728,0.4501949441,0.5498050559
3.308863055,0.4496726672,0.5503273328
3.312426381,0.4491277436,0.5508722564
3.315989708,0.4485603271,0.5514396729
3.319553034,0.4479705697,0.5520294303
3.323116361,0.4473586222,0.5526413778
3.326679687,0.446724634,0.553275366
3.330243014,0.4460687533,0.5539312467
3.33380634,0.4453911271,0.5546088729
3.337369667,0.4446919014,0.5553080986
3.340932993,0.443971221,0.556028779
3.34449632,0.4432292296,0.5567707704
3.348059646,0.4424660703,0.5575339297
3.351622973,0.4416818852,0.5583181148
3.355186299,0.4408768155,0.5591231845
3.358749626,0.4400510018,0.5599489982
3.362312952,0.4392045842,0.5607954158
3.365876278,0.438337702,0.561662298
3.369439605,0.437450494,0.562549506
3.373002931,0.4365430987,0.5634569013
3.376566258,0.4356156541,0.5643843459
3.380129584,0.434668298,0.565331702
3.383692911,0.4337011678,0.5662988322
3.387256237,0.4327144009,0.5672855991
3.390819564,0.4317081345,0.5682918655
3.39438289,0.4306825059,0.5693174941
3.397946217,0.4296376521,0.5703623479
3.401509543,0.4285737105,0.5714262895
3.40507287,0.4274908185,0.5725091815
3.408636196,0.426389114,0.573610886
3.412199523,0.4252687347,0.5747312653
3.415762849,0.4241298192,0.5758701808
3.419326176,0.4229725062,0.5770274938
3.422889502,0.421796935,0.578203065
3.426452829,0.4206032453,0.5793967547
3.430016155,0.4193915777,0.5806084223
3.433579482,0.4181620733,0.5818379267
3.437142808,0.4169148741,0.5830851259
3.440706135,0.4156501227,0.5843498773
3.444269461,0.4143679628,0.5856320372
3.447832788,0.4130685389,0.5869314611
3.451396114,0.4117519966,0.5882480034
3.454959441,0.4104184826,0.5895815174
3.458522767,0.4090681447,0.5909318553
3.462086094,0.4077011318,0.5922988682
3.46564942,0.4063175943,0.5936824057
3.469212747,0.4049176838,0.5950823162
3.472776073,0.4035015531,0.5964984469
3.4763394,0.4020693569,0.5979306431
3.479902726,0.4006212509,0.5993787491
3.483466053,0.3991573928,0.6008426072
3.487029379,0.3976779417,0.6023220583
3.490592706,0.3961830584,0.6038169416
3.494156032,0.3946729056,0.6053270944
3.497719359,0.3931476475,0.6068523525
3.501282685,0.3916074506,0.6083925494
3.504846012,0.3900524829,0.6099475171
3.508409338,0.3884829146,0.6115170854
3.511972664,0.386898918,0.613101082
3.515535991,0.3853006673,0.6146993327
3.519099317,0.3836883388,0.6163116612
3.522662644,0.3820621113,0.6179378887
3.52622597,0.3804221655,0.6195778345
3.529789297,0.3787686845,0.6212313155
3.533352623,0.377101854,0.622898146
3.53691595,0.3754218617,0.6245781383
3.540479276,0.3737288979,0.6262711021
3.544042603,0.3720231554,0.6279768446
3.547605929,0.3703048296,0.6296951704
3.551169256,0.3685741184,0.6314258816
3.554732582,0.3668312222,0.6331687778
3.558295909,0.3650763443,0.6349236557
3.561859235,0.3633096905,0.6366903095
3.565422562,0.3615314695,0.6384685305
3.568985888,0.3597418926,0.6402581074
3.572549215,0.357941174,0.642058826
3.576112541,0.3561295308,0.6438704692
3.579675868,0.3543071829,0.6456928171
3.583239194,0.3524743532,0.6475256468
3.586802521,0.3506312674,0.6493687326
3.590365847,0.3487781543,0.6512218457
3.593929174,0.3469152457,0.6530847543
3.5974925,0.3450427763,0.6549572237
3.601055827,0.343160984,0.656839016
3.604619153,0.3412701096,0.6587298904
3.60818248,0.3393703971,0.6606296029
3.611745806,0.3374620936,0.6625379064
3.615309133,0.3355454493,0.6644545507
3.618872459,0.3336207175,0.6663792825
3.622435786,0.3316881547,0.6683118453
3.625999112,0.3297480205,0.6702519795
3.629562439,0.3278005776,0.6721994224
3.633125765,0.325846092,0.674153908
3.636689092,0.3238848329,0.6761151671
3.640252418,0.3219170724,0.6780829276
3.643815745,0.3199430861,0.6800569139
3.647379071,0.3179631524,0.6820368476
3.650942397,0.3159775531,0.6840224469
3.654505724,0.3139865731,0.6860134269
3.65806905,0.3119905004,0.6880094996
3.661632377,0.3099896261,0.6900103739
3.665195703,0.3079842444,0.6920157556
3.66875903,0.3059746525,0.6940253475
3.672322356,0.3039611508,0.6960388492
3.675885683,0.3019440426,0.6980559574
3.679449009,0.2999236343,0.7000763657
3.683012336,0.2979002351,0.7020997649
3.686575662,0.2958741573,0.7041258427
3.690138989,0.2938457159,0.7061542841
3.693702315,0.291815229,0.708184771
3.697265642,0.2897830173,0.7102169827
3.700828968,0.2877494043,0.7122505957
3.704392295,0.2857147162,0.7142852838
3.707955621,0.2836792819,0.7163207181
3.711518948,0.281643433,0.718356567
3.715082274,0.2796075034,0.7203924966
3.718645601,0.2775718296,0.7224281704
3.722208927,0.2755367506,0.7244632494
3.725772254,0.2735026077,0.7264973923
3.72933558,0.2714697443,0.7285302557
3.732898907,0.2694385062,0.7305614938
3.736462233,0.2674092414,0.7325907586
3.74002556,0.2653822997,0.7346177003
3.743588886,0.263358033,0.736641967
3.747152213,0.2613367951,0.7386632049
3.750715539,0.2593189415,0.7406810585
3.754278866,0.2573048295,0.7426951705
3.757842192,0.2552948179,0.7447051821
3.761405519,0.2532892671,0.7467107329
3.764968845,0.2512885388,0.7487114612
3.768532172,0.2492929961,0.7507070039
3.772095498,0.2473030032,0.7526969968
3.775658825,0.2453189254,0.7546810746
3.779222151,0.2433411291,0.7566588709
3.782785478,0.2413699813,0.7586300187
3.786348804,0.2394058499,0.7605941501
3.78991213,0.2374491036,0.7625508964
3.793475457,0.2355001112,0.7644998888
3.797038783,0.2335592421,0.7664407579
3.80060211,0.231626866,0.768373134
3.804165436,0.2297033525,0.7702966475
3.807728763,0.2277890714,0.7722109286
3.811292089,0.2258843923,0.7741156077
3.814855416,0.2239896844,0.7760103156
3.818418742,0.2221053165,0.7778946835
3.821982069,0.220231657,0.779768343
3.825545395,0.2183690735,0.7816309265
3.829108722,0.2165179325,0.7834820675
3.832672048,0.2146786,0.7853214
3.836235375,0.2128514405,0.7871485595
3.839798701,0.2110368172,0.7889631828
3.843362028,0.2092350921,0.7907649079
3.846925354,0.2074466255,0.7925533745
3.850488681,0.2056717758,0.7943282242
3.854052007,0.2039108999,0.7960891001
3.857615334,0.2021643523,0.7978356477
3.86117866,0.2004324854,0.7995675146
3.864741987,0.1987156493,0.8012843507
3.868305313,0.1970141917,0.8029858083
3.87186864,0.1953284575,0.8046715425
3.875431966,0.1936587889,0.8063412111
3.878995293,0.1920055249,0.8079944751
3.882558619,0.1903690017,0.8096309983
3.886121946,0.1887495522,0.8112504478
3.889685272,0.1871475056,0.8128524944
3.893248599,0.1855631879,0.8144368121
3.896811925,0.183996921,0.816003079
3.900375252,0.1824490234,0.8175509766
3.903938578,0.1809198092,0.8190801908
3.907501905,0.1794095884,0.8205904116
3.911065231,0.1779186668,0.8220813332
3.914628558,0.1764473457,0.8235526543
3.918191884,0.1749959219,0.8250040781
3.921755211,0.1735646872,0.8264353128
3.925318537,0.1721539287,0.8278460713
3.928881864,0.1707639286,0.8292360714
3.93244519,0.1693949637,0.8306050363
3.936008516,0.1680473058,0.8319526942
3.939571843,0.1667212209,0.8332787791
3.943135169,0.1654169699,0.8345830301
3.946698496,0.1641348078,0.8358651922
3.950261822,0.1628749838,0.8371250162
3.953825149,0.1616377414,0.8383622586
3.957388475,0.1604233178,0.8395766822
3.960951802,0.1592319443,0.8407680557
3.964515128,0.1580638459,0.8419361541
3.968078455,0.1569192413,0.8430807587
3.971641781,0.1557983426,0.8442016574
3.975205108,0.1547013557,0.8452986443
3.978768434,0.1536284795,0.8463715205
3.982331761,0.1525799064,0.8474200936
3.985895087,0.151555822,0.848444178
3.989458414,0.1505564049,0.8494435951
3.99302174,0.149581827,0.850418173
3.996585067,0.1486322528,0.8513677472
4.000148393,0.14770784,0.85229216
4.00371172,0.146808739,0.853191261
4.007275046,0.145935093,0.854064907
4.010838373,0.1450870381,0.8549129619
4.014401699,0.1442647028,0.8557352972
4.017965026,0.1434682083,0.8565317917
4.021528352,0.1426976687,0.8573023313
4.025091679,0.1419531902,0.8580468098
4.028655005,0.1412348719,0.8587651281
4.032218332,0.1405428051,0.8594571949
4.035781658,0.1398770739,0.8601229261
4.039344985,0.1392377545,0.8607622455
4.042908311,0.138624916,0.861375084
4.046471638,0.1380386195,0.8619613805
4.050034964,0.1374789189,0.8625210811
4.053598291,0.1369458604,0.8630541396
4.057161617,0.1364394825,0.8635605175
4.060724944,0.1359598164,0.8640401836
4.06428827,0.1355068858,0.8644931142
4.067851597,0.1350807068,0.8649192932
4.071414923,0.134681288,0.865318712
4.074978249,0.1343086307,0.8656913693
4.078541576,0.1339627288,0.8660372712
4.082104902,0.1336435686,0.8663564314
4.085668229,0.1333511294,0.8666488706
4.089231555,0.1330853832,0.8669146168
4.092794882,0.1328462945,0.8671537055
4.096358208,0.132633821,0.867366179
4.099921535,0.1324479132,0.8675520868
4.103484861,0.1322885145,0.8677114855
4.107048188,0.1321555613,0.8678444387
4.110611514,0.1320489834,0.8679510166
4.114174841,0.1319687035,0.8680312965
4.117738167,0.1319146378,0.8680853622
4.121301494,0.1318866957,0.8681133043
4.12486482,0.1318847802,0.8681152198
4.128428147,0.1319087876,0.8680912124
4.131991473,0.1319586082,0.8680413918
4.1355548,0.1320341258,0.8679658742
4.139118126,0.132135218,0.867864782
4.142681453,0.1322617565,0.8677382435
4.146244779,0.1324136071,0.8675863929
4.149808106,0.1325906294,0.8674093706
4.153371432,0.1327926777,0.8672073223
4.156934759,0.1330196004,0.8669803996
4.160498085,0.1332712406,0.8667287594
4.164061412,0.1335474358,0.8664525642
4.167624738,0.1338480184,0.8661519816
4.171188065,0.1341728157,0.8658271843
4.174751391,0.1345216498,0.8654783502
4.178314718,0.1348943381,0.8651056619
4.181878044,0.135290693,0.864709307
4.185441371,0.1357105227,0.8642894773
4.189004697,0.1361536304,0.8638463696
4.192568024,0.1366198152,0.8633801848
4.19613135,0.137108872,0.862891128
4.199694677,0.1376205914,0.8623794086
4.203258003,0.1381547602,0.8618452398
4.20682133,0.1387111612,0.8612888388
4.210384656,0.1392895737,0.8607104263
4.213947982,0.1398897733,0.8601102267
4.217511309,0.1405115321,0.8594884679
4.221074635,0.1411546189,0.8588453811
4.224637962,0.1418187996,0.8581812004
4.228201288,0.1425038368,0.8574961632
4.231764615,0.1432094903,0.8567905097
4.235327941,0.1439355171,0.8560644829
4.238891268,0.1446816715,0.8553183285
4.242454594,0.1454477055,0.8545522945
4.246017921,0.1462333687,0.8537666313
4.249581247,0.1470384082,0.8529615918
4.253144574,0.1478625693,0.8521374307
4.2567079,0.1487055953,0.8512944047
4.260271227,0.1495672275,0.8504327725
4.263834553,0.1504472056,0.8495527944
4.26739788,0.1513452678,0.8486547322
4.270961206,0.1522611506,0.8477388494
4.274524533,0.1531945893,0.8468054107
4.278087859,0.1541453181,0.8458546819
4.281651186,0.1551130699,0.8448869301
4.285214512,0.1560975768,0.8439024232
4.288777839,0.1570985699,0.8429014301
4.292341165,0.1581157797,0.8418842203
4.295904492,0.159148936,0.840851064
4.299467818,0.1601977682,0.8398022318
4.303031145,0.1612620051,0.8387379949
4.306594471,0.1623413753,0.8376586247
4.310157798,0.1634356074,0.8365643926
4.313721124,0.1645444297,0.8354555703
4.317284451,0.1656675705,0.8343324295
4.320847777,0.1668047586,0.8331952414
4.324411104,0.1679557225,0.8320442775
4.32797443,0.1691201914,0.8308798086
4.331537757,0.1702978948,0.8297021052
4.335101083,0.1714885628,0.8285114372
4.33866441,0.1726919261,0.8273080739
4.342227736,0.1739077158,0.8260922842
4.345791063,0.1751356642,0.8248643358
4.349354389,0.1763755042,0.8236244958
4.352917716,0.1776269699,0.8223730301
4.356481042,0.178889796,0.821110204
4.360044368,0.1801637188,0.8198362812
4.363607695,0.1814484755,0.8185515245
4.367171021,0.1827438045,0.8172561955
4.370734348,0.1840494457,0.8159505543
4.374297674,0.1853651403,0.8146348597
4.377861001,0.186690631,0.813309369
4.381424327,0.1880256621,0.8119743379
4.384987654,0.1893699792,0.8106300208
4.38855098,0.1907233299,0.8092766701
4.392114307,0.1920854634,0.8079145366
4.395677633,0.1934561304,0.8065438696
4.39924096,0.1948350837,0.8051649163
4.402804286,0.1962220779,0.8037779221
4.406367613,0.1976168695,0.8023831305
4.409930939,0.1990192169,0.8009807831
4.413494266,0.2004288807,0.7995711193
4.417057592,0.2018456232,0.7981543768
4.420620919,0.2032692091,0.7967307909
4.424184245,0.2046994052,0.7953005948
4.427747572,0.2061359802,0.7938640198
4.431310898,0.2075787053,0.7924212947
4.434874225,0.2090273538,0.7909726462
4.438437551,0.2104817012,0.7895182988
4.442000878,0.2119415255,0.7880584745
4.445564204,0.2134066067,0.7865933933
4.449127531,0.2148767275,0.7851232725
4.452690857,0.2163516727,0.7836483273
4.456254184,0.2178312296,0.7821687704
4.45981751,0.219315188,0.780684812
4.463380837,0.2208033399,0.7791966601
4.466944163,0.2222954798,0.7777045202
4.47050749,0.223791405,0.776208595
4.474070816,0.2252909148,0.7747090852
4.477634143,0.2267938112,0.7732061888
4.481197469,0.2282998989,0.7717001011
4.484760796,0.2298089847,0.7701910153
4.488324122,0.2313208782,0.7686791218
4.491887449,0.2328353914,0.7671646086
4.495450775,0.2343523391,0.7656476609
4.499014101,0.2358715381,0.7641284619
4.502577428,0.2373928083,0.7626071917
4.506140754,0.2389159718,0.7610840282
4.509704081,0.2404408534,0.7595591466
4.513267407,0.2419672802,0.7580327198
4.516830734,0.2434950822,0.7565049178
4.52039406,0.2450240917,0.7549759083
4.523957387,0.2465541434,0.7534458566
4.527520713,0.248085075,0.751914925
4.53108404,0.2496167261,0.7503832739
4.534647366,0.2511489393,0.7488510607
4.538210693,0.2526815595,0.7473184405
4.541774019,0.2542144342,0.7457855658
4.545337346,0.2557474132,0.7442525868
4.548900672,0.2572803489,0.7427196511
4.552463999,0.2588130961,0.7411869039
4.556027325,0.2603455123,0.7396544877
4.559590652,0.261877457,0.738122543
4.563153978,0.2634087926,0.7365912074
4.566717305,0.2649393834,0.7350606166
4.570280631,0.2664690967,0.7335309033
4.573843958,0.2679978016,0.7320021984
4.577407284,0.2695253699,0.7304746301
4.580970611,0.2710516756,0.7289483244
4.584533937,0.2725765953,0.7274234047
4.588097264,0.2741000076,0.7258999924
4.59166059,0.2756217934,0.7243782066
4.595223917,0.2771418362,0.7228581638
4.598787243,0.2786600214,0.7213399786
4.60235057,0.2801762368,0.7198237632
4.605913896,0.2816903725,0.7183096275
4.609477223,0.2832023207,0.7167976793
4.613040549,0.2847119756,0.7152880244
4.616603876,0.286219234,0.713780766
4.620167202,0.2877239944,0.7122760056
4.623730529,0.2892261577,0.7107738423
4.627293855,0.2907256267,0.7092743733
4.630857182,0.2922223065,0.7077776935
4.634420508,0.293716104,0.706283896
4.637983834,0.2952069282,0.7047930718
4.641547161,0.2966946903,0.7033053097
4.645110487,0.2981793033,0.7018206967
4.648673814,0.2996606822,0.7003393178
4.65223714,0.3011387438,0.6988612562
4.655800467,0.302613407,0.697386593
4.659363793,0.3040845927,0.6959154073
4.66292712,0.3055522233,0.6944477767
4.666490446,0.3070162234,0.6929837766
4.670053773,0.3084765192,0.6915234808
4.673617099,0.3099330388,0.6900669612
4.677180426,0.311385712,0.688614288
4.680743752,0.3128344704,0.6871655296
4.684307079,0.3142792475,0.6857207525
4.687870405,0.3157199781,0.6842800219
4.691433732,0.3171565991,0.6828434009
4.694997058,0.3185890488,0.6814109512
4.698560385,0.3200172673,0.6799827327
4.702123711,0.3214411961,0.6785588039
4.705687038,0.3228607785,0.6771392215
4.709250364,0.3242759592,0.6757240408
4.712813691,0.3256866846,0.6743133154
4.716377017,0.3270929026,0.6729070974
4.719940344,0.3284945625,0.6715054375
4.72350367,0.3298916151,0.6701083849
4.727066997,0.3312840127,0.6687159873
4.730630323,0.332671709,0.667328291
4.73419365,0.3340546591,0.6659453409
4.737756976,0.3354328195,0.6645671805
4.741320303,0.3368061481,0.6631938519
4.744883629,0.3381746041,0.6618253959
4.748446956,0.3395381481,0.6604618519
4.752010282,0.3408967418,0.6591032582
4.755573609,0.3422503484,0.6577496516
4.759136935,0.3435989322,0.6564010678
4.762700262,0.3449424589,0.6550575411
4.766263588,0.3462808952,0.6537191048
4.769826915,0.3476142092,0.6523857908
4.773390241,0.34894237,0.65105763
4.776953568,0.3502653481,0.6497346519
4.780516894,0.3515831147,0.6484168853
4.78408022,0.3528956426,0.6471043574
4.787643547,0.3542029055,0.6457970945
4.791206873,0.355504878,0.644495122
4.7947702,0.3568015359,0.6431984641
4.798333526,0.3580928562,0.6419071438
4.801896853,0.3593788167,0.6406211833
4.805460179,0.3606593962,0.6393406038
4.809023506,0.3619345746,0.6380654254
4.812586832,0.3632043326,0.6367956674
4.816150159,0.364468652,0.635531348
4.819713485,0.3657275156,0.6342724844
4.823276812,0.3669809067,0.6330190933
4.826840138,0.36822881,0.63177119
4.830403465,0.3694712107,0.6305287893
4.833966791,0.370708095,0.629291905
4.837530118,0.37193945,0.62806055
4.841093444,0.3731652636,0.6268347364
4.844656771,0.3743855243,0.6256144757
4.848220097,0.3756002216,0.6243997784
4.851783424,0.3768093458,0.6231906542
4.85534675,0.3780128878,0.6219871122
4.858910077,0.3792108394,0.6207891606
4.862473403,0.380403193,0.619596807
4.86603673,0.3815899417,0.6184100583
4.869600056,0.3827710794,0.6172289206
4.873163383,0.3839466008,0.6160533992
4.876726709,0.3851165009,0.6148834991
4.880290036,0.3862807756,0.6137192244
4.883853362,0.3874394214,0.6125605786
4.887416689,0.3885924356,0.6114075644
4.890980015,0.3897398157,0.6102601843
4.894543342,0.3908815602,0.6091184398
4.898106668,0.3920176679,0.6079823321
4.901669995,0.3931481384,0.6068518616
4.905233321,0.3942729718,0.6057270282
4.908796648,0.3953921685,0.6046078315
4.912359974,0.3965057298,0.6034942702
4.915923301,0.3976136573,0.6023863427
4.919486627,0.3987159532,0.6012840468
4.923049953,0.3998126202,0.6001873798
4.92661328,0.4009036613,0.5990963387
4.930176606,0.4019890803,0.5980109197
4.933739933,0.4030688812,0.5969311188
4.937303259,0.4041430685,0.5958569315
4.940866586,0.4052116473,0.5947883527
4.944429912,0.4062746229,0.5937253771
4.947993239,0.4073320012,0.5926679988
4.951556565,0.4083837884,0.5916162116
4.955119892,0.4094299912,0.5905700088
4.958683218,0.4104706166,0.5895293834
4.962246545,0.4115056721,0.5884943279
4.965809871,0.4125351653,0.5874648347
4.969373198,0.4135591044,0.5864408956
4.972936524,0.414577498,0.585422502
4.976499851,0.4155903548,0.5844096452
4.980063177,0.4165976841,0.5834023159
4.983626504,0.4175994952,0.5824005048
4.98718983,0.4185957981,0.5814042019
4.990753157,0.4195866028,0.5804133972
4.994316483,0.4205719197,0.5794280803
4.99787981,0.4215517595,0.5784482405
5.001443136,0.4225261333,0.5774738667
5.005006463,0.4234950522,0.5765049478
5.008569789,0.4244585277,0.5755414723
5.012133116,0.4254165717,0.5745834283
5.015696442,0.4263691962,0.5736308038
5.019259769,0.4273164133,0.5726835867
5.022823095,0.4282582358,0.5717417642
5.026386422,0.4291946761,0.5708053239
